user_id,create_time,app_name
id001,2020-0320 15:00:00,app_01
id001,2020-0320 15:00:00,app_02
id001,2020-0320 15:00:00,app_03
id001,2020-0320 15:00:00,app_04
id002,2020-0320 15:00:00,app_01
id002,2020-0320 15:00:00,app_02
id003,2020-0320 15:00:00,app_01
id003,2020-0320 15:00:00,app_02
id003,2020-0320 15:00:00,app_03
id003,2020-0320 15:00:00,app_04
id004,2020-0320 15:00:00,app_01
id004,2020-0320 15:00:00,app_02
id004,2020-0320 15:00:00,app_03
id004,2020-0320 15:00:00,app_04
id005,2020-0320 15:00:00,app_01
id005,2020-0320 15:00:00,app_02
id005,2020-0320 15:00:00,app_03
id005,2020-0320 15:00:00,app_04
id006,2020-0320 15:00:00,app_01
id006,2020-0320 15:00:00,app_02
id006,2020-0320 15:00:00,app_03
id006,2020-0320 15:00:00,app_04
id007,2020-0320 15:00:00,app_01
id007,2020-0320 15:00:00,app_02
id008,2020-0320 15:00:00,app_01
id008,2020-0320 15:00:00,app_02
id008,2020-0320 15:00:00,app_03
id008,2020-0320 15:00:00,app_04
id008,2020-0320 15:00:00,app_05
id009,2020-0320 15:00:00,app_01
id010,2020-0320 15:00:00,app_01
id010,2020-0320 15:00:00,app_02
id010,2020-0320 15:00:00,app_03
id010,2020-0320 15:00:00,app_04
id011,2020-0320 15:00:00,app_01
id011,2020-0320 15:00:00,app_02
id012,2020-0320 15:00:00,app_01
id012,2020-0320 15:00:00,app_02
id012,2020-0320 15:00:00,app_03
id012,2020-0320 15:00:00,app_04
id012,2020-0320 15:00:00,app_05
id013,2020-0320 15:00:00,app_01
id013,2020-0320 15:00:00,app_02
id014,2020-0320 15:00:00,app_01
id014,2020-0320 15:00:00,app_02
id014,2020-0320 15:00:00,app_03
id014,2020-0320 15:00:00,app_04
id014,2020-0320 15:00:00,app_05
id015,2020-0320 15:00:00,app_01
id015,2020-0320 15:00:00,app_02
id015,2020-0320 15:00:00,app_03
id016,2020-0320 15:00:00,app_01
id016,2020-0320 15:00:00,app_02
id016,2020-0320 15:00:00,app_03
id016,2020-0320 15:00:00,app_04
id017,2020-0320 15:00:00,app_01
id017,2020-0320 15:00:00,app_02
id017,2020-0320 15:00:00,app_03
id017,2020-0320 15:00:00,app_04
id018,2020-0320 15:00:00,app_01
id018,2020-0320 15:00:00,app_02
id018,2020-0320 15:00:00,app_03
id018,2020-0320 15:00:00,app_04
id018,2020-0320 15:00:00,app_05
id019,2020-0320 15:00:00,app_01
id019,2020-0320 15:00:00,app_02
id020,2020-0320 15:00:00,app_01
id020,2020-0320 15:00:00,app_02
id020,2020-0320 15:00:00,app_03
id021,2020-0320 15:00:00,app_01
id022,2020-0320 15:00:00,app_01
id022,2020-0320 15:00:00,app_02
id022,2020-0320 15:00:00,app_03
id022,2020-0320 15:00:00,app_04
id023,2020-0320 15:00:00,app_01
id023,2020-0320 15:00:00,app_02
id023,2020-0320 15:00:00,app_03
id024,2020-0320 15:00:00,app_01
id025,2020-0320 15:00:00,app_01
id026,2020-0320 15:00:00,app_01
id026,2020-0320 15:00:00,app_02
id026,2020-0320 15:00:00,app_03
id027,2020-0320 15:00:00,app_01
id027,2020-0320 15:00:00,app_02
id027,2020-0320 15:00:00,app_03
id027,2020-0320 15:00:00,app_04
id028,2020-0320 15:00:00,app_01
id028,2020-0320 15:00:00,app_02
id028,2020-0320 15:00:00,app_03
id028,2020-0320 15:00:00,app_04
id028,2020-0320 15:00:00,app_05
id029,2020-0320 15:00:00,app_01
id029,2020-0320 15:00:00,app_02
id029,2020-0320 15:00:00,app_03
id029,2020-0320 15:00:00,app_04
id030,2020-0320 15:00:00,app_01
id031,2020-0320 15:00:00,app_01
id031,2020-0320 15:00:00,app_02
id031,2020-0320 15:00:00,app_03
id032,2020-0320 15:00:00,app_01
id033,2020-0320 15:00:00,app_01
id033,2020-0320 15:00:00,app_02
id033,2020-0320 15:00:00,app_03
id033,2020-0320 15:00:00,app_04
id034,2020-0320 15:00:00,app_01
id034,2020-0320 15:00:00,app_02
id035,2020-0320 15:00:00,app_01
id036,2020-0320 15:00:00,app_01
id036,2020-0320 15:00:00,app_02
id037,2020-0320 15:00:00,app_01
id037,2020-0320 15:00:00,app_02
id038,2020-0320 15:00:00,app_01
id038,2020-0320 15:00:00,app_02
id038,2020-0320 15:00:00,app_03
id039,2020-0320 15:00:00,app_01
id039,2020-0320 15:00:00,app_02
id039,2020-0320 15:00:00,app_03
id039,2020-0320 15:00:00,app_04
id039,2020-0320 15:00:00,app_05
id040,2020-0320 15:00:00,app_01
id040,2020-0320 15:00:00,app_02
id041,2020-0320 15:00:00,app_01
id041,2020-0320 15:00:00,app_02
id042,2020-0320 15:00:00,app_01
id042,2020-0320 15:00:00,app_02
id042,2020-0320 15:00:00,app_03
id042,2020-0320 15:00:00,app_04
id042,2020-0320 15:00:00,app_05
id043,2020-0320 15:00:00,app_01
id043,2020-0320 15:00:00,app_02
id043,2020-0320 15:00:00,app_03
id043,2020-0320 15:00:00,app_04
id044,2020-0320 15:00:00,app_01
id044,2020-0320 15:00:00,app_02
id045,2020-0320 15:00:00,app_01
id046,2020-0320 15:00:00,app_01
id046,2020-0320 15:00:00,app_02
id047,2020-0320 15:00:00,app_01
id047,2020-0320 15:00:00,app_02
id047,2020-0320 15:00:00,app_03
id047,2020-0320 15:00:00,app_04
id048,2020-0320 15:00:00,app_01
id048,2020-0320 15:00:00,app_02
id048,2020-0320 15:00:00,app_03
id048,2020-0320 15:00:00,app_04
id048,2020-0320 15:00:00,app_05
id049,2020-0320 15:00:00,app_01
id049,2020-0320 15:00:00,app_02
id050,2020-0320 15:00:00,app_01
id050,2020-0320 15:00:00,app_02
id051,2020-0320 15:00:00,app_01
id051,2020-0320 15:00:00,app_02
id051,2020-0320 15:00:00,app_03
id052,2020-0320 15:00:00,app_01
id052,2020-0320 15:00:00,app_02
id052,2020-0320 15:00:00,app_03
id053,2020-0320 15:00:00,app_01
id053,2020-0320 15:00:00,app_02
id053,2020-0320 15:00:00,app_03
id054,2020-0320 15:00:00,app_01
id054,2020-0320 15:00:00,app_02
id054,2020-0320 15:00:00,app_03
id054,2020-0320 15:00:00,app_04
id055,2020-0320 15:00:00,app_01
id055,2020-0320 15:00:00,app_02
id055,2020-0320 15:00:00,app_03
id056,2020-0320 15:00:00,app_01
id056,2020-0320 15:00:00,app_02
id056,2020-0320 15:00:00,app_03
id057,2020-0320 15:00:00,app_01
id058,2020-0320 15:00:00,app_01
id058,2020-0320 15:00:00,app_02
id058,2020-0320 15:00:00,app_03
id059,2020-0320 15:00:00,app_01
id059,2020-0320 15:00:00,app_02
id059,2020-0320 15:00:00,app_03
id059,2020-0320 15:00:00,app_04
id060,2020-0320 15:00:00,app_01
id060,2020-0320 15:00:00,app_02
id060,2020-0320 15:00:00,app_03
id060,2020-0320 15:00:00,app_04
id060,2020-0320 15:00:00,app_05
id061,2020-0320 15:00:00,app_01
id061,2020-0320 15:00:00,app_02
id062,2020-0320 15:00:00,app_01
id063,2020-0320 15:00:00,app_01
id063,2020-0320 15:00:00,app_02
id063,2020-0320 15:00:00,app_03
id063,2020-0320 15:00:00,app_04
id064,2020-0320 15:00:00,app_01
id065,2020-0320 15:00:00,app_01
id065,2020-0320 15:00:00,app_02
id066,2020-0320 15:00:00,app_01
id066,2020-0320 15:00:00,app_02
id066,2020-0320 15:00:00,app_03
id067,2020-0320 15:00:00,app_01
id067,2020-0320 15:00:00,app_02
id067,2020-0320 15:00:00,app_03
id067,2020-0320 15:00:00,app_04
id067,2020-0320 15:00:00,app_05
id068,2020-0320 15:00:00,app_01
id068,2020-0320 15:00:00,app_02
id068,2020-0320 15:00:00,app_03
id068,2020-0320 15:00:00,app_04
id068,2020-0320 15:00:00,app_05
id069,2020-0320 15:00:00,app_01
id069,2020-0320 15:00:00,app_02
id069,2020-0320 15:00:00,app_03
id069,2020-0320 15:00:00,app_04
id070,2020-0320 15:00:00,app_01
id070,2020-0320 15:00:00,app_02
id070,2020-0320 15:00:00,app_03
id070,2020-0320 15:00:00,app_04
id070,2020-0320 15:00:00,app_05
id071,2020-0320 15:00:00,app_01
id072,2020-0320 15:00:00,app_01
id072,2020-0320 15:00:00,app_02
id072,2020-0320 15:00:00,app_03
id072,2020-0320 15:00:00,app_04
id073,2020-0320 15:00:00,app_01
id073,2020-0320 15:00:00,app_02
id073,2020-0320 15:00:00,app_03
id073,2020-0320 15:00:00,app_04
id073,2020-0320 15:00:00,app_05
id074,2020-0320 15:00:00,app_01
id074,2020-0320 15:00:00,app_02
id074,2020-0320 15:00:00,app_03
id075,2020-0320 15:00:00,app_01
id075,2020-0320 15:00:00,app_02
id075,2020-0320 15:00:00,app_03
id076,2020-0320 15:00:00,app_01
id076,2020-0320 15:00:00,app_02
id076,2020-0320 15:00:00,app_03
id077,2020-0320 15:00:00,app_01
id077,2020-0320 15:00:00,app_02
id077,2020-0320 15:00:00,app_03
id078,2020-0320 15:00:00,app_01
id078,2020-0320 15:00:00,app_02
id079,2020-0320 15:00:00,app_01
id080,2020-0320 15:00:00,app_01
id081,2020-0320 15:00:00,app_01
id081,2020-0320 15:00:00,app_02
id082,2020-0320 15:00:00,app_01
id082,2020-0320 15:00:00,app_02
id082,2020-0320 15:00:00,app_03
id082,2020-0320 15:00:00,app_04
id083,2020-0320 15:00:00,app_01
id083,2020-0320 15:00:00,app_02
id083,2020-0320 15:00:00,app_03
id083,2020-0320 15:00:00,app_04
id083,2020-0320 15:00:00,app_05
id084,2020-0320 15:00:00,app_01
id085,2020-0320 15:00:00,app_01
id085,2020-0320 15:00:00,app_02
id086,2020-0320 15:00:00,app_01
id086,2020-0320 15:00:00,app_02
id086,2020-0320 15:00:00,app_03
id086,2020-0320 15:00:00,app_04
id087,2020-0320 15:00:00,app_01
id087,2020-0320 15:00:00,app_02
id087,2020-0320 15:00:00,app_03
id087,2020-0320 15:00:00,app_04
id088,2020-0320 15:00:00,app_01
id088,2020-0320 15:00:00,app_02
id088,2020-0320 15:00:00,app_03
id089,2020-0320 15:00:00,app_01
id089,2020-0320 15:00:00,app_02
id089,2020-0320 15:00:00,app_03
id089,2020-0320 15:00:00,app_04
id089,2020-0320 15:00:00,app_05
id090,2020-0320 15:00:00,app_01
id090,2020-0320 15:00:00,app_02
id091,2020-0320 15:00:00,app_01
id092,2020-0320 15:00:00,app_01
id092,2020-0320 15:00:00,app_02
id092,2020-0320 15:00:00,app_03
id092,2020-0320 15:00:00,app_04
id093,2020-0320 15:00:00,app_01
id093,2020-0320 15:00:00,app_02
id094,2020-0320 15:00:00,app_01
id095,2020-0320 15:00:00,app_01
id096,2020-0320 15:00:00,app_01
id096,2020-0320 15:00:00,app_02
id096,2020-0320 15:00:00,app_03
id096,2020-0320 15:00:00,app_04
id097,2020-0320 15:00:00,app_01
id097,2020-0320 15:00:00,app_02
id097,2020-0320 15:00:00,app_03
id097,2020-0320 15:00:00,app_04
id098,2020-0320 15:00:00,app_01
id098,2020-0320 15:00:00,app_02
id098,2020-0320 15:00:00,app_03
id098,2020-0320 15:00:00,app_04
id099,2020-0320 15:00:00,app_01
id099,2020-0320 15:00:00,app_02
id100,2020-0320 15:00:00,app_01
id101,2020-0320 15:00:00,app_01
id101,2020-0320 15:00:00,app_02
id101,2020-0320 15:00:00,app_03
id102,2020-0320 15:00:00,app_01
id103,2020-0320 15:00:00,app_01
id103,2020-0320 15:00:00,app_02
id103,2020-0320 15:00:00,app_03
id104,2020-0320 15:00:00,app_01
id104,2020-0320 15:00:00,app_02
id104,2020-0320 15:00:00,app_03
id104,2020-0320 15:00:00,app_04
id105,2020-0320 15:00:00,app_01
id105,2020-0320 15:00:00,app_02
id105,2020-0320 15:00:00,app_03
id106,2020-0320 15:00:00,app_01
id107,2020-0320 15:00:00,app_01
id108,2020-0320 15:00:00,app_01
id109,2020-0320 15:00:00,app_01
id109,2020-0320 15:00:00,app_02
id109,2020-0320 15:00:00,app_03
id109,2020-0320 15:00:00,app_04
id110,2020-0320 15:00:00,app_01
id110,2020-0320 15:00:00,app_02
id110,2020-0320 15:00:00,app_03
id111,2020-0320 15:00:00,app_01
id111,2020-0320 15:00:00,app_02
id111,2020-0320 15:00:00,app_03
id111,2020-0320 15:00:00,app_04
id112,2020-0320 15:00:00,app_01
id112,2020-0320 15:00:00,app_02
id113,2020-0320 15:00:00,app_01
id113,2020-0320 15:00:00,app_02
id114,2020-0320 15:00:00,app_01
id114,2020-0320 15:00:00,app_02
id114,2020-0320 15:00:00,app_03
id114,2020-0320 15:00:00,app_04
id115,2020-0320 15:00:00,app_01
id115,2020-0320 15:00:00,app_02
id116,2020-0320 15:00:00,app_01
id116,2020-0320 15:00:00,app_02
id116,2020-0320 15:00:00,app_03
id117,2020-0320 15:00:00,app_01
id117,2020-0320 15:00:00,app_02
id117,2020-0320 15:00:00,app_03
id117,2020-0320 15:00:00,app_04
id118,2020-0320 15:00:00,app_01
id118,2020-0320 15:00:00,app_02
id119,2020-0320 15:00:00,app_01
id119,2020-0320 15:00:00,app_02
id120,2020-0320 15:00:00,app_01
id120,2020-0320 15:00:00,app_02
id121,2020-0320 15:00:00,app_01
id121,2020-0320 15:00:00,app_02
id121,2020-0320 15:00:00,app_03
id122,2020-0320 15:00:00,app_01
id123,2020-0320 15:00:00,app_01
id124,2020-0320 15:00:00,app_01
id124,2020-0320 15:00:00,app_02
id124,2020-0320 15:00:00,app_03
id124,2020-0320 15:00:00,app_04
id125,2020-0320 15:00:00,app_01
id125,2020-0320 15:00:00,app_02
id125,2020-0320 15:00:00,app_03
id126,2020-0320 15:00:00,app_01
id126,2020-0320 15:00:00,app_02
id126,2020-0320 15:00:00,app_03
id126,2020-0320 15:00:00,app_04
id126,2020-0320 15:00:00,app_05
id127,2020-0320 15:00:00,app_01
id128,2020-0320 15:00:00,app_01
id128,2020-0320 15:00:00,app_02
id128,2020-0320 15:00:00,app_03
id129,2020-0320 15:00:00,app_01
id129,2020-0320 15:00:00,app_02
id129,2020-0320 15:00:00,app_03
id129,2020-0320 15:00:00,app_04
id130,2020-0320 15:00:00,app_01
id130,2020-0320 15:00:00,app_02
id130,2020-0320 15:00:00,app_03
id130,2020-0320 15:00:00,app_04
id131,2020-0320 15:00:00,app_01
id131,2020-0320 15:00:00,app_02
id131,2020-0320 15:00:00,app_03
id131,2020-0320 15:00:00,app_04
id132,2020-0320 15:00:00,app_01
id133,2020-0320 15:00:00,app_01
id133,2020-0320 15:00:00,app_02
id133,2020-0320 15:00:00,app_03
id134,2020-0320 15:00:00,app_01
id134,2020-0320 15:00:00,app_02
id134,2020-0320 15:00:00,app_03
id134,2020-0320 15:00:00,app_04
id135,2020-0320 15:00:00,app_01
id135,2020-0320 15:00:00,app_02
id135,2020-0320 15:00:00,app_03
id136,2020-0320 15:00:00,app_01
id136,2020-0320 15:00:00,app_02
id136,2020-0320 15:00:00,app_03
id137,2020-0320 15:00:00,app_01
id137,2020-0320 15:00:00,app_02
id137,2020-0320 15:00:00,app_03
id138,2020-0320 15:00:00,app_01
id139,2020-0320 15:00:00,app_01
id139,2020-0320 15:00:00,app_02
id139,2020-0320 15:00:00,app_03
id140,2020-0320 15:00:00,app_01
id140,2020-0320 15:00:00,app_02
id140,2020-0320 15:00:00,app_03
id140,2020-0320 15:00:00,app_04
id140,2020-0320 15:00:00,app_05
id141,2020-0320 15:00:00,app_01
id141,2020-0320 15:00:00,app_02
id141,2020-0320 15:00:00,app_03
id141,2020-0320 15:00:00,app_04
id141,2020-0320 15:00:00,app_05
id142,2020-0320 15:00:00,app_01
id142,2020-0320 15:00:00,app_02
id143,2020-0320 15:00:00,app_01
id143,2020-0320 15:00:00,app_02
id143,2020-0320 15:00:00,app_03
id143,2020-0320 15:00:00,app_04
id143,2020-0320 15:00:00,app_05
id144,2020-0320 15:00:00,app_01
id145,2020-0320 15:00:00,app_01
id145,2020-0320 15:00:00,app_02
id145,2020-0320 15:00:00,app_03
id146,2020-0320 15:00:00,app_01
id147,2020-0320 15:00:00,app_01
id147,2020-0320 15:00:00,app_02
id147,2020-0320 15:00:00,app_03
id148,2020-0320 15:00:00,app_01
id148,2020-0320 15:00:00,app_02
id148,2020-0320 15:00:00,app_03
id149,2020-0320 15:00:00,app_01
id149,2020-0320 15:00:00,app_02
id149,2020-0320 15:00:00,app_03
id149,2020-0320 15:00:00,app_04
id149,2020-0320 15:00:00,app_05
id150,2020-0320 15:00:00,app_01
id151,2020-0320 15:00:00,app_01
id151,2020-0320 15:00:00,app_02
id152,2020-0320 15:00:00,app_01
id152,2020-0320 15:00:00,app_02
id152,2020-0320 15:00:00,app_03
id153,2020-0320 15:00:00,app_01
id154,2020-0320 15:00:00,app_01
id155,2020-0320 15:00:00,app_01
id155,2020-0320 15:00:00,app_02
id155,2020-0320 15:00:00,app_03
id155,2020-0320 15:00:00,app_04
id155,2020-0320 15:00:00,app_05
id156,2020-0320 15:00:00,app_01
id157,2020-0320 15:00:00,app_01
id158,2020-0320 15:00:00,app_01
id158,2020-0320 15:00:00,app_02
id158,2020-0320 15:00:00,app_03
id159,2020-0320 15:00:00,app_01
id159,2020-0320 15:00:00,app_02
id159,2020-0320 15:00:00,app_03
id159,2020-0320 15:00:00,app_04
id159,2020-0320 15:00:00,app_05
id160,2020-0320 15:00:00,app_01
id160,2020-0320 15:00:00,app_02
id160,2020-0320 15:00:00,app_03
id161,2020-0320 15:00:00,app_01
id162,2020-0320 15:00:00,app_01
id162,2020-0320 15:00:00,app_02
id162,2020-0320 15:00:00,app_03
id163,2020-0320 15:00:00,app_01
id163,2020-0320 15:00:00,app_02
id164,2020-0320 15:00:00,app_01
id164,2020-0320 15:00:00,app_02
id164,2020-0320 15:00:00,app_03
id165,2020-0320 15:00:00,app_01
id166,2020-0320 15:00:00,app_01
id167,2020-0320 15:00:00,app_01
id167,2020-0320 15:00:00,app_02
id167,2020-0320 15:00:00,app_03
id167,2020-0320 15:00:00,app_04
id167,2020-0320 15:00:00,app_05
id168,2020-0320 15:00:00,app_01
id168,2020-0320 15:00:00,app_02
id168,2020-0320 15:00:00,app_03
id168,2020-0320 15:00:00,app_04
id168,2020-0320 15:00:00,app_05
id169,2020-0320 15:00:00,app_01
id169,2020-0320 15:00:00,app_02
id169,2020-0320 15:00:00,app_03
id170,2020-0320 15:00:00,app_01
id170,2020-0320 15:00:00,app_02
id170,2020-0320 15:00:00,app_03
id170,2020-0320 15:00:00,app_04
id171,2020-0320 15:00:00,app_01
id171,2020-0320 15:00:00,app_02
id171,2020-0320 15:00:00,app_03
id172,2020-0320 15:00:00,app_01
id172,2020-0320 15:00:00,app_02
id172,2020-0320 15:00:00,app_03
id172,2020-0320 15:00:00,app_04
id172,2020-0320 15:00:00,app_05
id173,2020-0320 15:00:00,app_01
id173,2020-0320 15:00:00,app_02
id173,2020-0320 15:00:00,app_03
id173,2020-0320 15:00:00,app_04
id173,2020-0320 15:00:00,app_05
id174,2020-0320 15:00:00,app_01
id174,2020-0320 15:00:00,app_02
id174,2020-0320 15:00:00,app_03
id174,2020-0320 15:00:00,app_04
id174,2020-0320 15:00:00,app_05
id175,2020-0320 15:00:00,app_01
id175,2020-0320 15:00:00,app_02
id175,2020-0320 15:00:00,app_03
id175,2020-0320 15:00:00,app_04
id176,2020-0320 15:00:00,app_01
id176,2020-0320 15:00:00,app_02
id176,2020-0320 15:00:00,app_03
id176,2020-0320 15:00:00,app_04
id176,2020-0320 15:00:00,app_05
id177,2020-0320 15:00:00,app_01
id178,2020-0320 15:00:00,app_01
id178,2020-0320 15:00:00,app_02
id178,2020-0320 15:00:00,app_03
id179,2020-0320 15:00:00,app_01
id179,2020-0320 15:00:00,app_02
id179,2020-0320 15:00:00,app_03
id179,2020-0320 15:00:00,app_04
id180,2020-0320 15:00:00,app_01
id180,2020-0320 15:00:00,app_02
id180,2020-0320 15:00:00,app_03
id180,2020-0320 15:00:00,app_04
id180,2020-0320 15:00:00,app_05
id181,2020-0320 15:00:00,app_01
id181,2020-0320 15:00:00,app_02
id181,2020-0320 15:00:00,app_03
id181,2020-0320 15:00:00,app_04
id182,2020-0320 15:00:00,app_01
id182,2020-0320 15:00:00,app_02
id183,2020-0320 15:00:00,app_01
id184,2020-0320 15:00:00,app_01
id184,2020-0320 15:00:00,app_02
id184,2020-0320 15:00:00,app_03
id184,2020-0320 15:00:00,app_04
id185,2020-0320 15:00:00,app_01
id185,2020-0320 15:00:00,app_02
id185,2020-0320 15:00:00,app_03
id186,2020-0320 15:00:00,app_01
id186,2020-0320 15:00:00,app_02
id186,2020-0320 15:00:00,app_03
id186,2020-0320 15:00:00,app_04
id187,2020-0320 15:00:00,app_01
id187,2020-0320 15:00:00,app_02
id188,2020-0320 15:00:00,app_01
id188,2020-0320 15:00:00,app_02
id188,2020-0320 15:00:00,app_03
id188,2020-0320 15:00:00,app_04
id189,2020-0320 15:00:00,app_01
id190,2020-0320 15:00:00,app_01
id190,2020-0320 15:00:00,app_02
id190,2020-0320 15:00:00,app_03
id190,2020-0320 15:00:00,app_04
id190,2020-0320 15:00:00,app_05
id191,2020-0320 15:00:00,app_01
id191,2020-0320 15:00:00,app_02
id191,2020-0320 15:00:00,app_03
id192,2020-0320 15:00:00,app_01
id192,2020-0320 15:00:00,app_02
id192,2020-0320 15:00:00,app_03
id193,2020-0320 15:00:00,app_01
id194,2020-0320 15:00:00,app_01
id194,2020-0320 15:00:00,app_02
id195,2020-0320 15:00:00,app_01
id195,2020-0320 15:00:00,app_02
id196,2020-0320 15:00:00,app_01
id196,2020-0320 15:00:00,app_02
id197,2020-0320 15:00:00,app_01
id197,2020-0320 15:00:00,app_02
id198,2020-0320 15:00:00,app_01
id198,2020-0320 15:00:00,app_02
id199,2020-0320 15:00:00,app_01
id199,2020-0320 15:00:00,app_02
id199,2020-0320 15:00:00,app_03
id200,2020-0320 15:00:00,app_01
id200,2020-0320 15:00:00,app_02
id200,2020-0320 15:00:00,app_03
id200,2020-0320 15:00:00,app_04
id201,2020-0320 15:00:00,app_01
id201,2020-0320 15:00:00,app_02
id202,2020-0320 15:00:00,app_01
id202,2020-0320 15:00:00,app_02
id202,2020-0320 15:00:00,app_03
id202,2020-0320 15:00:00,app_04
id203,2020-0320 15:00:00,app_01
id203,2020-0320 15:00:00,app_02
id203,2020-0320 15:00:00,app_03
id203,2020-0320 15:00:00,app_04
id204,2020-0320 15:00:00,app_01
id204,2020-0320 15:00:00,app_02
id204,2020-0320 15:00:00,app_03
id205,2020-0320 15:00:00,app_01
id206,2020-0320 15:00:00,app_01
id206,2020-0320 15:00:00,app_02
id206,2020-0320 15:00:00,app_03
id206,2020-0320 15:00:00,app_04
id207,2020-0320 15:00:00,app_01
id208,2020-0320 15:00:00,app_01
id208,2020-0320 15:00:00,app_02
id208,2020-0320 15:00:00,app_03
id208,2020-0320 15:00:00,app_04
id209,2020-0320 15:00:00,app_01
id209,2020-0320 15:00:00,app_02
id209,2020-0320 15:00:00,app_03
id209,2020-0320 15:00:00,app_04
id209,2020-0320 15:00:00,app_05
id210,2020-0320 15:00:00,app_01
id210,2020-0320 15:00:00,app_02
id210,2020-0320 15:00:00,app_03
id211,2020-0320 15:00:00,app_01
id211,2020-0320 15:00:00,app_02
id211,2020-0320 15:00:00,app_03
id211,2020-0320 15:00:00,app_04
id212,2020-0320 15:00:00,app_01
id212,2020-0320 15:00:00,app_02
id212,2020-0320 15:00:00,app_03
id212,2020-0320 15:00:00,app_04
id213,2020-0320 15:00:00,app_01
id213,2020-0320 15:00:00,app_02
id214,2020-0320 15:00:00,app_01
id214,2020-0320 15:00:00,app_02
id215,2020-0320 15:00:00,app_01
id215,2020-0320 15:00:00,app_02
id215,2020-0320 15:00:00,app_03
id216,2020-0320 15:00:00,app_01
id216,2020-0320 15:00:00,app_02
id216,2020-0320 15:00:00,app_03
id217,2020-0320 15:00:00,app_01
id217,2020-0320 15:00:00,app_02
id217,2020-0320 15:00:00,app_03
id218,2020-0320 15:00:00,app_01
id218,2020-0320 15:00:00,app_02
id218,2020-0320 15:00:00,app_03
id219,2020-0320 15:00:00,app_01
id219,2020-0320 15:00:00,app_02
id220,2020-0320 15:00:00,app_01
id220,2020-0320 15:00:00,app_02
id220,2020-0320 15:00:00,app_03
id221,2020-0320 15:00:00,app_01
id221,2020-0320 15:00:00,app_02
id221,2020-0320 15:00:00,app_03
id222,2020-0320 15:00:00,app_01
id222,2020-0320 15:00:00,app_02
id222,2020-0320 15:00:00,app_03
id222,2020-0320 15:00:00,app_04
id222,2020-0320 15:00:00,app_05
id223,2020-0320 15:00:00,app_01
id223,2020-0320 15:00:00,app_02
id223,2020-0320 15:00:00,app_03
id224,2020-0320 15:00:00,app_01
id224,2020-0320 15:00:00,app_02
id224,2020-0320 15:00:00,app_03
id224,2020-0320 15:00:00,app_04
id224,2020-0320 15:00:00,app_05
id225,2020-0320 15:00:00,app_01
id225,2020-0320 15:00:00,app_02
id225,2020-0320 15:00:00,app_03
id225,2020-0320 15:00:00,app_04
id225,2020-0320 15:00:00,app_05
id226,2020-0320 15:00:00,app_01
id226,2020-0320 15:00:00,app_02
id226,2020-0320 15:00:00,app_03
id226,2020-0320 15:00:00,app_04
id226,2020-0320 15:00:00,app_05
id227,2020-0320 15:00:00,app_01
id227,2020-0320 15:00:00,app_02
id227,2020-0320 15:00:00,app_03
id228,2020-0320 15:00:00,app_01
id228,2020-0320 15:00:00,app_02
id228,2020-0320 15:00:00,app_03
id229,2020-0320 15:00:00,app_01
id229,2020-0320 15:00:00,app_02
id229,2020-0320 15:00:00,app_03
id230,2020-0320 15:00:00,app_01
id230,2020-0320 15:00:00,app_02
id230,2020-0320 15:00:00,app_03
id230,2020-0320 15:00:00,app_04
id230,2020-0320 15:00:00,app_05
id231,2020-0320 15:00:00,app_01
id231,2020-0320 15:00:00,app_02
id231,2020-0320 15:00:00,app_03
id231,2020-0320 15:00:00,app_04
id231,2020-0320 15:00:00,app_05
id232,2020-0320 15:00:00,app_01
id233,2020-0320 15:00:00,app_01
id234,2020-0320 15:00:00,app_01
id234,2020-0320 15:00:00,app_02
id234,2020-0320 15:00:00,app_03
id234,2020-0320 15:00:00,app_04
id235,2020-0320 15:00:00,app_01
id235,2020-0320 15:00:00,app_02
id235,2020-0320 15:00:00,app_03
id236,2020-0320 15:00:00,app_01
id237,2020-0320 15:00:00,app_01
id237,2020-0320 15:00:00,app_02
id237,2020-0320 15:00:00,app_03
id237,2020-0320 15:00:00,app_04
id238,2020-0320 15:00:00,app_01
id238,2020-0320 15:00:00,app_02
id239,2020-0320 15:00:00,app_01
id239,2020-0320 15:00:00,app_02
id239,2020-0320 15:00:00,app_03
id239,2020-0320 15:00:00,app_04
id240,2020-0320 15:00:00,app_01
id240,2020-0320 15:00:00,app_02
id240,2020-0320 15:00:00,app_03
id240,2020-0320 15:00:00,app_04
id241,2020-0320 15:00:00,app_01
id241,2020-0320 15:00:00,app_02
id242,2020-0320 15:00:00,app_01
id242,2020-0320 15:00:00,app_02
id242,2020-0320 15:00:00,app_03
id242,2020-0320 15:00:00,app_04
id243,2020-0320 15:00:00,app_01
id244,2020-0320 15:00:00,app_01
id244,2020-0320 15:00:00,app_02
id244,2020-0320 15:00:00,app_03
id244,2020-0320 15:00:00,app_04
id244,2020-0320 15:00:00,app_05
id245,2020-0320 15:00:00,app_01
id245,2020-0320 15:00:00,app_02
id245,2020-0320 15:00:00,app_03
id245,2020-0320 15:00:00,app_04
id246,2020-0320 15:00:00,app_01
id247,2020-0320 15:00:00,app_01
id247,2020-0320 15:00:00,app_02
id247,2020-0320 15:00:00,app_03
id247,2020-0320 15:00:00,app_04
id248,2020-0320 15:00:00,app_01
id248,2020-0320 15:00:00,app_02
id248,2020-0320 15:00:00,app_03
id249,2020-0320 15:00:00,app_01
id250,2020-0320 15:00:00,app_01
id250,2020-0320 15:00:00,app_02
id250,2020-0320 15:00:00,app_03
id250,2020-0320 15:00:00,app_04
id250,2020-0320 15:00:00,app_05
id251,2020-0320 15:00:00,app_01
id251,2020-0320 15:00:00,app_02
id251,2020-0320 15:00:00,app_03
id252,2020-0320 15:00:00,app_01
id252,2020-0320 15:00:00,app_02
id253,2020-0320 15:00:00,app_01
id253,2020-0320 15:00:00,app_02
id253,2020-0320 15:00:00,app_03
id254,2020-0320 15:00:00,app_01
id254,2020-0320 15:00:00,app_02
id254,2020-0320 15:00:00,app_03
id254,2020-0320 15:00:00,app_04
id254,2020-0320 15:00:00,app_05
id255,2020-0320 15:00:00,app_01
id255,2020-0320 15:00:00,app_02
id255,2020-0320 15:00:00,app_03
id256,2020-0320 15:00:00,app_01
id256,2020-0320 15:00:00,app_02
id256,2020-0320 15:00:00,app_03
id256,2020-0320 15:00:00,app_04
id256,2020-0320 15:00:00,app_05
id257,2020-0320 15:00:00,app_01
id258,2020-0320 15:00:00,app_01
id258,2020-0320 15:00:00,app_02
id258,2020-0320 15:00:00,app_03
id258,2020-0320 15:00:00,app_04
id258,2020-0320 15:00:00,app_05
id259,2020-0320 15:00:00,app_01
id259,2020-0320 15:00:00,app_02
id259,2020-0320 15:00:00,app_03
id259,2020-0320 15:00:00,app_04
id260,2020-0320 15:00:00,app_01
id260,2020-0320 15:00:00,app_02
id260,2020-0320 15:00:00,app_03
id260,2020-0320 15:00:00,app_04
id260,2020-0320 15:00:00,app_05
id261,2020-0320 15:00:00,app_01
id261,2020-0320 15:00:00,app_02
id262,2020-0320 15:00:00,app_01
id262,2020-0320 15:00:00,app_02
id262,2020-0320 15:00:00,app_03
id263,2020-0320 15:00:00,app_01
id263,2020-0320 15:00:00,app_02
id264,2020-0320 15:00:00,app_01
id264,2020-0320 15:00:00,app_02
id264,2020-0320 15:00:00,app_03
id264,2020-0320 15:00:00,app_04
id264,2020-0320 15:00:00,app_05
id265,2020-0320 15:00:00,app_01
id266,2020-0320 15:00:00,app_01
id266,2020-0320 15:00:00,app_02
id267,2020-0320 15:00:00,app_01
id268,2020-0320 15:00:00,app_01
id269,2020-0320 15:00:00,app_01
id269,2020-0320 15:00:00,app_02
id269,2020-0320 15:00:00,app_03
id269,2020-0320 15:00:00,app_04
id270,2020-0320 15:00:00,app_01
id270,2020-0320 15:00:00,app_02
id270,2020-0320 15:00:00,app_03
id271,2020-0320 15:00:00,app_01
id271,2020-0320 15:00:00,app_02
id271,2020-0320 15:00:00,app_03
id271,2020-0320 15:00:00,app_04
id272,2020-0320 15:00:00,app_01
id273,2020-0320 15:00:00,app_01
id273,2020-0320 15:00:00,app_02
id273,2020-0320 15:00:00,app_03
id273,2020-0320 15:00:00,app_04
id273,2020-0320 15:00:00,app_05
id274,2020-0320 15:00:00,app_01
id274,2020-0320 15:00:00,app_02
id275,2020-0320 15:00:00,app_01
id275,2020-0320 15:00:00,app_02
id275,2020-0320 15:00:00,app_03
id275,2020-0320 15:00:00,app_04
id276,2020-0320 15:00:00,app_01
id276,2020-0320 15:00:00,app_02
id276,2020-0320 15:00:00,app_03
id276,2020-0320 15:00:00,app_04
id276,2020-0320 15:00:00,app_05
id277,2020-0320 15:00:00,app_01
id277,2020-0320 15:00:00,app_02
id277,2020-0320 15:00:00,app_03
id278,2020-0320 15:00:00,app_01
id278,2020-0320 15:00:00,app_02
id278,2020-0320 15:00:00,app_03
id279,2020-0320 15:00:00,app_01
id280,2020-0320 15:00:00,app_01
id280,2020-0320 15:00:00,app_02
id280,2020-0320 15:00:00,app_03
id280,2020-0320 15:00:00,app_04
id280,2020-0320 15:00:00,app_05
id281,2020-0320 15:00:00,app_01
id281,2020-0320 15:00:00,app_02
id281,2020-0320 15:00:00,app_03
id281,2020-0320 15:00:00,app_04
id282,2020-0320 15:00:00,app_01
id282,2020-0320 15:00:00,app_02
id282,2020-0320 15:00:00,app_03
id282,2020-0320 15:00:00,app_04
id283,2020-0320 15:00:00,app_01
id283,2020-0320 15:00:00,app_02
id283,2020-0320 15:00:00,app_03
id284,2020-0320 15:00:00,app_01
id285,2020-0320 15:00:00,app_01
id285,2020-0320 15:00:00,app_02
id285,2020-0320 15:00:00,app_03
id285,2020-0320 15:00:00,app_04
id285,2020-0320 15:00:00,app_05
id286,2020-0320 15:00:00,app_01
id286,2020-0320 15:00:00,app_02
id287,2020-0320 15:00:00,app_01
id288,2020-0320 15:00:00,app_01
id288,2020-0320 15:00:00,app_02
id288,2020-0320 15:00:00,app_03
id288,2020-0320 15:00:00,app_04
id288,2020-0320 15:00:00,app_05
id289,2020-0320 15:00:00,app_01
id289,2020-0320 15:00:00,app_02
id289,2020-0320 15:00:00,app_03
id290,2020-0320 15:00:00,app_01
id290,2020-0320 15:00:00,app_02
id290,2020-0320 15:00:00,app_03
id290,2020-0320 15:00:00,app_04
id290,2020-0320 15:00:00,app_05
id291,2020-0320 15:00:00,app_01
id291,2020-0320 15:00:00,app_02
id291,2020-0320 15:00:00,app_03
id291,2020-0320 15:00:00,app_04
id291,2020-0320 15:00:00,app_05
id292,2020-0320 15:00:00,app_01
id292,2020-0320 15:00:00,app_02
id293,2020-0320 15:00:00,app_01
id293,2020-0320 15:00:00,app_02
id294,2020-0320 15:00:00,app_01
id294,2020-0320 15:00:00,app_02
id295,2020-0320 15:00:00,app_01
id295,2020-0320 15:00:00,app_02
id295,2020-0320 15:00:00,app_03
id296,2020-0320 15:00:00,app_01
id296,2020-0320 15:00:00,app_02
id296,2020-0320 15:00:00,app_03
id296,2020-0320 15:00:00,app_04
id297,2020-0320 15:00:00,app_01
id297,2020-0320 15:00:00,app_02
id298,2020-0320 15:00:00,app_01
id298,2020-0320 15:00:00,app_02
id298,2020-0320 15:00:00,app_03
id298,2020-0320 15:00:00,app_04
id299,2020-0320 15:00:00,app_01
id299,2020-0320 15:00:00,app_02
id299,2020-0320 15:00:00,app_03
id300,2020-0320 15:00:00,app_01
id300,2020-0320 15:00:00,app_02
id300,2020-0320 15:00:00,app_03
id300,2020-0320 15:00:00,app_04
id300,2020-0320 15:00:00,app_05
id301,2020-0320 15:00:00,app_01
id302,2020-0320 15:00:00,app_01
id302,2020-0320 15:00:00,app_02
id302,2020-0320 15:00:00,app_03
id302,2020-0320 15:00:00,app_04
id303,2020-0320 15:00:00,app_01
id303,2020-0320 15:00:00,app_02
id303,2020-0320 15:00:00,app_03
id304,2020-0320 15:00:00,app_01
id304,2020-0320 15:00:00,app_02
id305,2020-0320 15:00:00,app_01
id305,2020-0320 15:00:00,app_02
id306,2020-0320 15:00:00,app_01
id306,2020-0320 15:00:00,app_02
id306,2020-0320 15:00:00,app_03
id307,2020-0320 15:00:00,app_01
id307,2020-0320 15:00:00,app_02
id308,2020-0320 15:00:00,app_01
id308,2020-0320 15:00:00,app_02
id308,2020-0320 15:00:00,app_03
id309,2020-0320 15:00:00,app_01
id309,2020-0320 15:00:00,app_02
id309,2020-0320 15:00:00,app_03
id309,2020-0320 15:00:00,app_04
id309,2020-0320 15:00:00,app_05
id310,2020-0320 15:00:00,app_01
id310,2020-0320 15:00:00,app_02
id311,2020-0320 15:00:00,app_01
id311,2020-0320 15:00:00,app_02
id311,2020-0320 15:00:00,app_03
id312,2020-0320 15:00:00,app_01
id313,2020-0320 15:00:00,app_01
id313,2020-0320 15:00:00,app_02
id314,2020-0320 15:00:00,app_01
id314,2020-0320 15:00:00,app_02
id314,2020-0320 15:00:00,app_03
id315,2020-0320 15:00:00,app_01
id316,2020-0320 15:00:00,app_01
id316,2020-0320 15:00:00,app_02
id317,2020-0320 15:00:00,app_01
id318,2020-0320 15:00:00,app_01
id318,2020-0320 15:00:00,app_02
id318,2020-0320 15:00:00,app_03
id318,2020-0320 15:00:00,app_04
id318,2020-0320 15:00:00,app_05
id319,2020-0320 15:00:00,app_01
id320,2020-0320 15:00:00,app_01
id320,2020-0320 15:00:00,app_02
id321,2020-0320 15:00:00,app_01
id322,2020-0320 15:00:00,app_01
id322,2020-0320 15:00:00,app_02
id323,2020-0320 15:00:00,app_01
id323,2020-0320 15:00:00,app_02
id323,2020-0320 15:00:00,app_03
id324,2020-0320 15:00:00,app_01
id324,2020-0320 15:00:00,app_02
id324,2020-0320 15:00:00,app_03
id324,2020-0320 15:00:00,app_04
id325,2020-0320 15:00:00,app_01
id325,2020-0320 15:00:00,app_02
id326,2020-0320 15:00:00,app_01
id326,2020-0320 15:00:00,app_02
id326,2020-0320 15:00:00,app_03
id327,2020-0320 15:00:00,app_01
id327,2020-0320 15:00:00,app_02
id327,2020-0320 15:00:00,app_03
id328,2020-0320 15:00:00,app_01
id328,2020-0320 15:00:00,app_02
id328,2020-0320 15:00:00,app_03
id328,2020-0320 15:00:00,app_04
id328,2020-0320 15:00:00,app_05
id329,2020-0320 15:00:00,app_01
id330,2020-0320 15:00:00,app_01
id330,2020-0320 15:00:00,app_02
id330,2020-0320 15:00:00,app_03
id330,2020-0320 15:00:00,app_04
id331,2020-0320 15:00:00,app_01
id331,2020-0320 15:00:00,app_02
id332,2020-0320 15:00:00,app_01
id332,2020-0320 15:00:00,app_02
id332,2020-0320 15:00:00,app_03
id332,2020-0320 15:00:00,app_04
id332,2020-0320 15:00:00,app_05
id333,2020-0320 15:00:00,app_01
id333,2020-0320 15:00:00,app_02
id334,2020-0320 15:00:00,app_01
id334,2020-0320 15:00:00,app_02
id334,2020-0320 15:00:00,app_03
id334,2020-0320 15:00:00,app_04
id335,2020-0320 15:00:00,app_01
id336,2020-0320 15:00:00,app_01
id337,2020-0320 15:00:00,app_01
id337,2020-0320 15:00:00,app_02
id338,2020-0320 15:00:00,app_01
id338,2020-0320 15:00:00,app_02
id339,2020-0320 15:00:00,app_01
id340,2020-0320 15:00:00,app_01
id340,2020-0320 15:00:00,app_02
id341,2020-0320 15:00:00,app_01
id341,2020-0320 15:00:00,app_02
id342,2020-0320 15:00:00,app_01
id343,2020-0320 15:00:00,app_01
id344,2020-0320 15:00:00,app_01
id344,2020-0320 15:00:00,app_02
id344,2020-0320 15:00:00,app_03
id344,2020-0320 15:00:00,app_04
id345,2020-0320 15:00:00,app_01
id345,2020-0320 15:00:00,app_02
id345,2020-0320 15:00:00,app_03
id345,2020-0320 15:00:00,app_04
id345,2020-0320 15:00:00,app_05
id346,2020-0320 15:00:00,app_01
id346,2020-0320 15:00:00,app_02
id346,2020-0320 15:00:00,app_03
id346,2020-0320 15:00:00,app_04
id346,2020-0320 15:00:00,app_05
id347,2020-0320 15:00:00,app_01
id347,2020-0320 15:00:00,app_02
id348,2020-0320 15:00:00,app_01
id348,2020-0320 15:00:00,app_02
id348,2020-0320 15:00:00,app_03
id348,2020-0320 15:00:00,app_04
id348,2020-0320 15:00:00,app_05
id349,2020-0320 15:00:00,app_01
id349,2020-0320 15:00:00,app_02
id349,2020-0320 15:00:00,app_03
id349,2020-0320 15:00:00,app_04
id350,2020-0320 15:00:00,app_01
id350,2020-0320 15:00:00,app_02
id351,2020-0320 15:00:00,app_01
id351,2020-0320 15:00:00,app_02
id351,2020-0320 15:00:00,app_03
id351,2020-0320 15:00:00,app_04
id352,2020-0320 15:00:00,app_01
id352,2020-0320 15:00:00,app_02
id353,2020-0320 15:00:00,app_01
id353,2020-0320 15:00:00,app_02
id353,2020-0320 15:00:00,app_03
id353,2020-0320 15:00:00,app_04
id353,2020-0320 15:00:00,app_05
id354,2020-0320 15:00:00,app_01
id354,2020-0320 15:00:00,app_02
id354,2020-0320 15:00:00,app_03
id355,2020-0320 15:00:00,app_01
id355,2020-0320 15:00:00,app_02
id356,2020-0320 15:00:00,app_01
id356,2020-0320 15:00:00,app_02
id357,2020-0320 15:00:00,app_01
id357,2020-0320 15:00:00,app_02
id357,2020-0320 15:00:00,app_03
id358,2020-0320 15:00:00,app_01
id358,2020-0320 15:00:00,app_02
id358,2020-0320 15:00:00,app_03
id359,2020-0320 15:00:00,app_01
id359,2020-0320 15:00:00,app_02
id359,2020-0320 15:00:00,app_03
id359,2020-0320 15:00:00,app_04
id360,2020-0320 15:00:00,app_01
id360,2020-0320 15:00:00,app_02
id360,2020-0320 15:00:00,app_03
id361,2020-0320 15:00:00,app_01
id361,2020-0320 15:00:00,app_02
id361,2020-0320 15:00:00,app_03
id362,2020-0320 15:00:00,app_01
id363,2020-0320 15:00:00,app_01
id363,2020-0320 15:00:00,app_02
id364,2020-0320 15:00:00,app_01
id364,2020-0320 15:00:00,app_02
id364,2020-0320 15:00:00,app_03
id364,2020-0320 15:00:00,app_04
id364,2020-0320 15:00:00,app_05
id365,2020-0320 15:00:00,app_01
id366,2020-0320 15:00:00,app_01
id367,2020-0320 15:00:00,app_01
id367,2020-0320 15:00:00,app_02
id367,2020-0320 15:00:00,app_03
id368,2020-0320 15:00:00,app_01
id368,2020-0320 15:00:00,app_02
id369,2020-0320 15:00:00,app_01
id369,2020-0320 15:00:00,app_02
id369,2020-0320 15:00:00,app_03
id370,2020-0320 15:00:00,app_01
id371,2020-0320 15:00:00,app_01
id372,2020-0320 15:00:00,app_01
id372,2020-0320 15:00:00,app_02
id373,2020-0320 15:00:00,app_01
id374,2020-0320 15:00:00,app_01
id374,2020-0320 15:00:00,app_02
id374,2020-0320 15:00:00,app_03
id374,2020-0320 15:00:00,app_04
id374,2020-0320 15:00:00,app_05
id375,2020-0320 15:00:00,app_01
id375,2020-0320 15:00:00,app_02
id376,2020-0320 15:00:00,app_01
id376,2020-0320 15:00:00,app_02
id376,2020-0320 15:00:00,app_03
id376,2020-0320 15:00:00,app_04
id377,2020-0320 15:00:00,app_01
id377,2020-0320 15:00:00,app_02
id378,2020-0320 15:00:00,app_01
id378,2020-0320 15:00:00,app_02
id378,2020-0320 15:00:00,app_03
id378,2020-0320 15:00:00,app_04
id379,2020-0320 15:00:00,app_01
id379,2020-0320 15:00:00,app_02
id380,2020-0320 15:00:00,app_01
id380,2020-0320 15:00:00,app_02
id380,2020-0320 15:00:00,app_03
id380,2020-0320 15:00:00,app_04
id381,2020-0320 15:00:00,app_01
id382,2020-0320 15:00:00,app_01
id382,2020-0320 15:00:00,app_02
id382,2020-0320 15:00:00,app_03
id383,2020-0320 15:00:00,app_01
id383,2020-0320 15:00:00,app_02
id383,2020-0320 15:00:00,app_03
id383,2020-0320 15:00:00,app_04
id383,2020-0320 15:00:00,app_05
id384,2020-0320 15:00:00,app_01
id385,2020-0320 15:00:00,app_01
id385,2020-0320 15:00:00,app_02
id385,2020-0320 15:00:00,app_03
id385,2020-0320 15:00:00,app_04
id385,2020-0320 15:00:00,app_05
id386,2020-0320 15:00:00,app_01
id386,2020-0320 15:00:00,app_02
id386,2020-0320 15:00:00,app_03
id386,2020-0320 15:00:00,app_04
id386,2020-0320 15:00:00,app_05
id387,2020-0320 15:00:00,app_01
id387,2020-0320 15:00:00,app_02
id387,2020-0320 15:00:00,app_03
id387,2020-0320 15:00:00,app_04
id387,2020-0320 15:00:00,app_05
id388,2020-0320 15:00:00,app_01
id388,2020-0320 15:00:00,app_02
id388,2020-0320 15:00:00,app_03
id388,2020-0320 15:00:00,app_04
id389,2020-0320 15:00:00,app_01
id389,2020-0320 15:00:00,app_02
id390,2020-0320 15:00:00,app_01
id390,2020-0320 15:00:00,app_02
id391,2020-0320 15:00:00,app_01
id391,2020-0320 15:00:00,app_02
id391,2020-0320 15:00:00,app_03
id391,2020-0320 15:00:00,app_04
id392,2020-0320 15:00:00,app_01
id392,2020-0320 15:00:00,app_02
id392,2020-0320 15:00:00,app_03
id392,2020-0320 15:00:00,app_04
id392,2020-0320 15:00:00,app_05
id393,2020-0320 15:00:00,app_01
id393,2020-0320 15:00:00,app_02
id393,2020-0320 15:00:00,app_03
id394,2020-0320 15:00:00,app_01
id394,2020-0320 15:00:00,app_02
id394,2020-0320 15:00:00,app_03
id394,2020-0320 15:00:00,app_04
id394,2020-0320 15:00:00,app_05
id395,2020-0320 15:00:00,app_01
id395,2020-0320 15:00:00,app_02
id395,2020-0320 15:00:00,app_03
id395,2020-0320 15:00:00,app_04
id396,2020-0320 15:00:00,app_01
id396,2020-0320 15:00:00,app_02
id397,2020-0320 15:00:00,app_01
id397,2020-0320 15:00:00,app_02
id397,2020-0320 15:00:00,app_03
id398,2020-0320 15:00:00,app_01
id399,2020-0320 15:00:00,app_01
id399,2020-0320 15:00:00,app_02
id399,2020-0320 15:00:00,app_03
id399,2020-0320 15:00:00,app_04
id400,2020-0320 15:00:00,app_01
id400,2020-0320 15:00:00,app_02
id400,2020-0320 15:00:00,app_03
id401,2020-0320 15:00:00,app_01
id401,2020-0320 15:00:00,app_02
id402,2020-0320 15:00:00,app_01
id402,2020-0320 15:00:00,app_02
id402,2020-0320 15:00:00,app_03
id402,2020-0320 15:00:00,app_04
id402,2020-0320 15:00:00,app_05
id403,2020-0320 15:00:00,app_01
id403,2020-0320 15:00:00,app_02
id403,2020-0320 15:00:00,app_03
id404,2020-0320 15:00:00,app_01
id404,2020-0320 15:00:00,app_02
id405,2020-0320 15:00:00,app_01
id406,2020-0320 15:00:00,app_01
id406,2020-0320 15:00:00,app_02
id406,2020-0320 15:00:00,app_03
id407,2020-0320 15:00:00,app_01
id407,2020-0320 15:00:00,app_02
id408,2020-0320 15:00:00,app_01
id409,2020-0320 15:00:00,app_01
id410,2020-0320 15:00:00,app_01
id410,2020-0320 15:00:00,app_02
id410,2020-0320 15:00:00,app_03
id410,2020-0320 15:00:00,app_04
id411,2020-0320 15:00:00,app_01
id411,2020-0320 15:00:00,app_02
id411,2020-0320 15:00:00,app_03
id411,2020-0320 15:00:00,app_04
id412,2020-0320 15:00:00,app_01
id412,2020-0320 15:00:00,app_02
id412,2020-0320 15:00:00,app_03
id413,2020-0320 15:00:00,app_01
id413,2020-0320 15:00:00,app_02
id414,2020-0320 15:00:00,app_01
id414,2020-0320 15:00:00,app_02
id414,2020-0320 15:00:00,app_03
id415,2020-0320 15:00:00,app_01
id415,2020-0320 15:00:00,app_02
id415,2020-0320 15:00:00,app_03
id415,2020-0320 15:00:00,app_04
id415,2020-0320 15:00:00,app_05
id416,2020-0320 15:00:00,app_01
id416,2020-0320 15:00:00,app_02
id416,2020-0320 15:00:00,app_03
id416,2020-0320 15:00:00,app_04
id417,2020-0320 15:00:00,app_01
id417,2020-0320 15:00:00,app_02
id417,2020-0320 15:00:00,app_03
id418,2020-0320 15:00:00,app_01
id418,2020-0320 15:00:00,app_02
id418,2020-0320 15:00:00,app_03
id418,2020-0320 15:00:00,app_04
id419,2020-0320 15:00:00,app_01
id419,2020-0320 15:00:00,app_02
id419,2020-0320 15:00:00,app_03
id419,2020-0320 15:00:00,app_04
id420,2020-0320 15:00:00,app_01
id421,2020-0320 15:00:00,app_01
id421,2020-0320 15:00:00,app_02
id421,2020-0320 15:00:00,app_03
id422,2020-0320 15:00:00,app_01
id422,2020-0320 15:00:00,app_02
id422,2020-0320 15:00:00,app_03
id422,2020-0320 15:00:00,app_04
id422,2020-0320 15:00:00,app_05
id423,2020-0320 15:00:00,app_01
id424,2020-0320 15:00:00,app_01
id424,2020-0320 15:00:00,app_02
id424,2020-0320 15:00:00,app_03
id425,2020-0320 15:00:00,app_01
id426,2020-0320 15:00:00,app_01
id426,2020-0320 15:00:00,app_02
id426,2020-0320 15:00:00,app_03
id426,2020-0320 15:00:00,app_04
id427,2020-0320 15:00:00,app_01
id428,2020-0320 15:00:00,app_01
id428,2020-0320 15:00:00,app_02
id429,2020-0320 15:00:00,app_01
id429,2020-0320 15:00:00,app_02
id430,2020-0320 15:00:00,app_01
id430,2020-0320 15:00:00,app_02
id430,2020-0320 15:00:00,app_03
id430,2020-0320 15:00:00,app_04
id430,2020-0320 15:00:00,app_05
id431,2020-0320 15:00:00,app_01
id431,2020-0320 15:00:00,app_02
id431,2020-0320 15:00:00,app_03
id431,2020-0320 15:00:00,app_04
id431,2020-0320 15:00:00,app_05
id432,2020-0320 15:00:00,app_01
id432,2020-0320 15:00:00,app_02
id432,2020-0320 15:00:00,app_03
id432,2020-0320 15:00:00,app_04
id432,2020-0320 15:00:00,app_05
id433,2020-0320 15:00:00,app_01
id433,2020-0320 15:00:00,app_02
id433,2020-0320 15:00:00,app_03
id434,2020-0320 15:00:00,app_01
id434,2020-0320 15:00:00,app_02
id434,2020-0320 15:00:00,app_03
id435,2020-0320 15:00:00,app_01
id435,2020-0320 15:00:00,app_02
id436,2020-0320 15:00:00,app_01
id436,2020-0320 15:00:00,app_02
id436,2020-0320 15:00:00,app_03
id437,2020-0320 15:00:00,app_01
id438,2020-0320 15:00:00,app_01
id438,2020-0320 15:00:00,app_02
id438,2020-0320 15:00:00,app_03
id438,2020-0320 15:00:00,app_04
id439,2020-0320 15:00:00,app_01
id439,2020-0320 15:00:00,app_02
id440,2020-0320 15:00:00,app_01
id440,2020-0320 15:00:00,app_02
id441,2020-0320 15:00:00,app_01
id441,2020-0320 15:00:00,app_02
id442,2020-0320 15:00:00,app_01
id443,2020-0320 15:00:00,app_01
id444,2020-0320 15:00:00,app_01
id444,2020-0320 15:00:00,app_02
id444,2020-0320 15:00:00,app_03
id444,2020-0320 15:00:00,app_04
id445,2020-0320 15:00:00,app_01
id445,2020-0320 15:00:00,app_02
id445,2020-0320 15:00:00,app_03
id445,2020-0320 15:00:00,app_04
id446,2020-0320 15:00:00,app_01
id447,2020-0320 15:00:00,app_01
id447,2020-0320 15:00:00,app_02
id448,2020-0320 15:00:00,app_01
id448,2020-0320 15:00:00,app_02
id448,2020-0320 15:00:00,app_03
id448,2020-0320 15:00:00,app_04
id448,2020-0320 15:00:00,app_05
id449,2020-0320 15:00:00,app_01
id449,2020-0320 15:00:00,app_02
id449,2020-0320 15:00:00,app_03
id449,2020-0320 15:00:00,app_04
id449,2020-0320 15:00:00,app_05
id450,2020-0320 15:00:00,app_01
id450,2020-0320 15:00:00,app_02
id450,2020-0320 15:00:00,app_03
id451,2020-0320 15:00:00,app_01
id451,2020-0320 15:00:00,app_02
id451,2020-0320 15:00:00,app_03
id451,2020-0320 15:00:00,app_04
id451,2020-0320 15:00:00,app_05
id452,2020-0320 15:00:00,app_01
id452,2020-0320 15:00:00,app_02
id452,2020-0320 15:00:00,app_03
id452,2020-0320 15:00:00,app_04
id453,2020-0320 15:00:00,app_01
id453,2020-0320 15:00:00,app_02
id453,2020-0320 15:00:00,app_03
id453,2020-0320 15:00:00,app_04
id454,2020-0320 15:00:00,app_01
id454,2020-0320 15:00:00,app_02
id455,2020-0320 15:00:00,app_01
id455,2020-0320 15:00:00,app_02
id455,2020-0320 15:00:00,app_03
id455,2020-0320 15:00:00,app_04
id455,2020-0320 15:00:00,app_05
id456,2020-0320 15:00:00,app_01
id456,2020-0320 15:00:00,app_02
id456,2020-0320 15:00:00,app_03
id456,2020-0320 15:00:00,app_04
id457,2020-0320 15:00:00,app_01
id457,2020-0320 15:00:00,app_02
id457,2020-0320 15:00:00,app_03
id458,2020-0320 15:00:00,app_01
id458,2020-0320 15:00:00,app_02
id458,2020-0320 15:00:00,app_03
id459,2020-0320 15:00:00,app_01
id459,2020-0320 15:00:00,app_02
id459,2020-0320 15:00:00,app_03
id459,2020-0320 15:00:00,app_04
id460,2020-0320 15:00:00,app_01
id460,2020-0320 15:00:00,app_02
id461,2020-0320 15:00:00,app_01
id461,2020-0320 15:00:00,app_02
id461,2020-0320 15:00:00,app_03
id462,2020-0320 15:00:00,app_01
id462,2020-0320 15:00:00,app_02
id462,2020-0320 15:00:00,app_03
id462,2020-0320 15:00:00,app_04
id463,2020-0320 15:00:00,app_01
id463,2020-0320 15:00:00,app_02
id463,2020-0320 15:00:00,app_03
id463,2020-0320 15:00:00,app_04
id464,2020-0320 15:00:00,app_01
id464,2020-0320 15:00:00,app_02
id464,2020-0320 15:00:00,app_03
id464,2020-0320 15:00:00,app_04
id464,2020-0320 15:00:00,app_05
id465,2020-0320 15:00:00,app_01
id465,2020-0320 15:00:00,app_02
id465,2020-0320 15:00:00,app_03
id465,2020-0320 15:00:00,app_04
id465,2020-0320 15:00:00,app_05
id466,2020-0320 15:00:00,app_01
id466,2020-0320 15:00:00,app_02
id466,2020-0320 15:00:00,app_03
id467,2020-0320 15:00:00,app_01
id467,2020-0320 15:00:00,app_02
id467,2020-0320 15:00:00,app_03
id467,2020-0320 15:00:00,app_04
id467,2020-0320 15:00:00,app_05
id468,2020-0320 15:00:00,app_01
id468,2020-0320 15:00:00,app_02
id469,2020-0320 15:00:00,app_01
id470,2020-0320 15:00:00,app_01
id470,2020-0320 15:00:00,app_02
id471,2020-0320 15:00:00,app_01
id471,2020-0320 15:00:00,app_02
id471,2020-0320 15:00:00,app_03
id471,2020-0320 15:00:00,app_04
id472,2020-0320 15:00:00,app_01
id472,2020-0320 15:00:00,app_02
id473,2020-0320 15:00:00,app_01
id473,2020-0320 15:00:00,app_02
id473,2020-0320 15:00:00,app_03
id473,2020-0320 15:00:00,app_04
id474,2020-0320 15:00:00,app_01
id475,2020-0320 15:00:00,app_01
id475,2020-0320 15:00:00,app_02
id476,2020-0320 15:00:00,app_01
id476,2020-0320 15:00:00,app_02
id477,2020-0320 15:00:00,app_01
id477,2020-0320 15:00:00,app_02
id477,2020-0320 15:00:00,app_03
id477,2020-0320 15:00:00,app_04
id478,2020-0320 15:00:00,app_01
id479,2020-0320 15:00:00,app_01
id479,2020-0320 15:00:00,app_02
id479,2020-0320 15:00:00,app_03
id479,2020-0320 15:00:00,app_04
id480,2020-0320 15:00:00,app_01
id480,2020-0320 15:00:00,app_02
id481,2020-0320 15:00:00,app_01
id481,2020-0320 15:00:00,app_02
id481,2020-0320 15:00:00,app_03
id481,2020-0320 15:00:00,app_04
id482,2020-0320 15:00:00,app_01
id482,2020-0320 15:00:00,app_02
id482,2020-0320 15:00:00,app_03
id482,2020-0320 15:00:00,app_04
id483,2020-0320 15:00:00,app_01
id483,2020-0320 15:00:00,app_02
id483,2020-0320 15:00:00,app_03
id483,2020-0320 15:00:00,app_04
id484,2020-0320 15:00:00,app_01
id485,2020-0320 15:00:00,app_01
id485,2020-0320 15:00:00,app_02
id486,2020-0320 15:00:00,app_01
id486,2020-0320 15:00:00,app_02
id486,2020-0320 15:00:00,app_03
id487,2020-0320 15:00:00,app_01
id487,2020-0320 15:00:00,app_02
id487,2020-0320 15:00:00,app_03
id487,2020-0320 15:00:00,app_04
id487,2020-0320 15:00:00,app_05
id488,2020-0320 15:00:00,app_01
id488,2020-0320 15:00:00,app_02
id489,2020-0320 15:00:00,app_01
id489,2020-0320 15:00:00,app_02
id489,2020-0320 15:00:00,app_03
id489,2020-0320 15:00:00,app_04
id489,2020-0320 15:00:00,app_05
id490,2020-0320 15:00:00,app_01
id490,2020-0320 15:00:00,app_02
id490,2020-0320 15:00:00,app_03
id491,2020-0320 15:00:00,app_01
id491,2020-0320 15:00:00,app_02
id491,2020-0320 15:00:00,app_03
id491,2020-0320 15:00:00,app_04
id491,2020-0320 15:00:00,app_05
id492,2020-0320 15:00:00,app_01
id492,2020-0320 15:00:00,app_02
id492,2020-0320 15:00:00,app_03
id492,2020-0320 15:00:00,app_04
id492,2020-0320 15:00:00,app_05
id493,2020-0320 15:00:00,app_01
id494,2020-0320 15:00:00,app_01
id494,2020-0320 15:00:00,app_02
id494,2020-0320 15:00:00,app_03
id494,2020-0320 15:00:00,app_04
id494,2020-0320 15:00:00,app_05
id495,2020-0320 15:00:00,app_01
id495,2020-0320 15:00:00,app_02
id496,2020-0320 15:00:00,app_01
id496,2020-0320 15:00:00,app_02
id496,2020-0320 15:00:00,app_03
id497,2020-0320 15:00:00,app_01
id497,2020-0320 15:00:00,app_02
id497,2020-0320 15:00:00,app_03
id497,2020-0320 15:00:00,app_04
id497,2020-0320 15:00:00,app_05
id498,2020-0320 15:00:00,app_01
id498,2020-0320 15:00:00,app_02
id498,2020-0320 15:00:00,app_03
id498,2020-0320 15:00:00,app_04
id498,2020-0320 15:00:00,app_05
id499,2020-0320 15:00:00,app_01
id499,2020-0320 15:00:00,app_02
id499,2020-0320 15:00:00,app_03
id499,2020-0320 15:00:00,app_04
id500,2020-0320 15:00:00,app_01
id500,2020-0320 15:00:00,app_02
id500,2020-0320 15:00:00,app_03
id500,2020-0320 15:00:00,app_04
id500,2020-0320 15:00:00,app_05
id501,2020-0320 15:00:00,app_01
id501,2020-0320 15:00:00,app_02
id502,2020-0320 15:00:00,app_01
id502,2020-0320 15:00:00,app_02
id502,2020-0320 15:00:00,app_03
id503,2020-0320 15:00:00,app_01
id503,2020-0320 15:00:00,app_02
id503,2020-0320 15:00:00,app_03
id504,2020-0320 15:00:00,app_01
id504,2020-0320 15:00:00,app_02
id505,2020-0320 15:00:00,app_01
id505,2020-0320 15:00:00,app_02
id506,2020-0320 15:00:00,app_01
id506,2020-0320 15:00:00,app_02
id506,2020-0320 15:00:00,app_03
id506,2020-0320 15:00:00,app_04
id506,2020-0320 15:00:00,app_05
id507,2020-0320 15:00:00,app_01
id507,2020-0320 15:00:00,app_02
id507,2020-0320 15:00:00,app_03
id507,2020-0320 15:00:00,app_04
id508,2020-0320 15:00:00,app_01
id508,2020-0320 15:00:00,app_02
id508,2020-0320 15:00:00,app_03
id508,2020-0320 15:00:00,app_04
id509,2020-0320 15:00:00,app_01
id510,2020-0320 15:00:00,app_01
id510,2020-0320 15:00:00,app_02
id510,2020-0320 15:00:00,app_03
id510,2020-0320 15:00:00,app_04
id511,2020-0320 15:00:00,app_01
id511,2020-0320 15:00:00,app_02
id511,2020-0320 15:00:00,app_03
id511,2020-0320 15:00:00,app_04
id511,2020-0320 15:00:00,app_05
id512,2020-0320 15:00:00,app_01
id512,2020-0320 15:00:00,app_02
id512,2020-0320 15:00:00,app_03
id512,2020-0320 15:00:00,app_04
id512,2020-0320 15:00:00,app_05
id513,2020-0320 15:00:00,app_01
id513,2020-0320 15:00:00,app_02
id513,2020-0320 15:00:00,app_03
id513,2020-0320 15:00:00,app_04
id514,2020-0320 15:00:00,app_01
id515,2020-0320 15:00:00,app_01
id515,2020-0320 15:00:00,app_02
id515,2020-0320 15:00:00,app_03
id515,2020-0320 15:00:00,app_04
id515,2020-0320 15:00:00,app_05
id516,2020-0320 15:00:00,app_01
id516,2020-0320 15:00:00,app_02
id517,2020-0320 15:00:00,app_01
id517,2020-0320 15:00:00,app_02
id517,2020-0320 15:00:00,app_03
id518,2020-0320 15:00:00,app_01
id518,2020-0320 15:00:00,app_02
id518,2020-0320 15:00:00,app_03
id518,2020-0320 15:00:00,app_04
id518,2020-0320 15:00:00,app_05
id519,2020-0320 15:00:00,app_01
id519,2020-0320 15:00:00,app_02
id519,2020-0320 15:00:00,app_03
id519,2020-0320 15:00:00,app_04
id519,2020-0320 15:00:00,app_05
id520,2020-0320 15:00:00,app_01
id520,2020-0320 15:00:00,app_02
id520,2020-0320 15:00:00,app_03
id521,2020-0320 15:00:00,app_01
id521,2020-0320 15:00:00,app_02
id521,2020-0320 15:00:00,app_03
id522,2020-0320 15:00:00,app_01
id523,2020-0320 15:00:00,app_01
id523,2020-0320 15:00:00,app_02
id523,2020-0320 15:00:00,app_03
id524,2020-0320 15:00:00,app_01
id524,2020-0320 15:00:00,app_02
id524,2020-0320 15:00:00,app_03
id525,2020-0320 15:00:00,app_01
id525,2020-0320 15:00:00,app_02
id525,2020-0320 15:00:00,app_03
id525,2020-0320 15:00:00,app_04
id525,2020-0320 15:00:00,app_05
id526,2020-0320 15:00:00,app_01
id526,2020-0320 15:00:00,app_02
id527,2020-0320 15:00:00,app_01
id527,2020-0320 15:00:00,app_02
id527,2020-0320 15:00:00,app_03
id528,2020-0320 15:00:00,app_01
id529,2020-0320 15:00:00,app_01
id529,2020-0320 15:00:00,app_02
id529,2020-0320 15:00:00,app_03
id530,2020-0320 15:00:00,app_01
id530,2020-0320 15:00:00,app_02
id530,2020-0320 15:00:00,app_03
id530,2020-0320 15:00:00,app_04
id531,2020-0320 15:00:00,app_01
id531,2020-0320 15:00:00,app_02
id531,2020-0320 15:00:00,app_03
id531,2020-0320 15:00:00,app_04
id532,2020-0320 15:00:00,app_01
id532,2020-0320 15:00:00,app_02
id532,2020-0320 15:00:00,app_03
id532,2020-0320 15:00:00,app_04
id533,2020-0320 15:00:00,app_01
id533,2020-0320 15:00:00,app_02
id533,2020-0320 15:00:00,app_03
id533,2020-0320 15:00:00,app_04
id534,2020-0320 15:00:00,app_01
id534,2020-0320 15:00:00,app_02
id535,2020-0320 15:00:00,app_01
id535,2020-0320 15:00:00,app_02
id535,2020-0320 15:00:00,app_03
id535,2020-0320 15:00:00,app_04
id535,2020-0320 15:00:00,app_05
id536,2020-0320 15:00:00,app_01
id536,2020-0320 15:00:00,app_02
id537,2020-0320 15:00:00,app_01
id537,2020-0320 15:00:00,app_02
id537,2020-0320 15:00:00,app_03
id537,2020-0320 15:00:00,app_04
id537,2020-0320 15:00:00,app_05
id538,2020-0320 15:00:00,app_01
id538,2020-0320 15:00:00,app_02
id538,2020-0320 15:00:00,app_03
id539,2020-0320 15:00:00,app_01
id539,2020-0320 15:00:00,app_02
id539,2020-0320 15:00:00,app_03
id539,2020-0320 15:00:00,app_04
id540,2020-0320 15:00:00,app_01
id540,2020-0320 15:00:00,app_02
id540,2020-0320 15:00:00,app_03
id540,2020-0320 15:00:00,app_04
id540,2020-0320 15:00:00,app_05
id541,2020-0320 15:00:00,app_01
id541,2020-0320 15:00:00,app_02
id541,2020-0320 15:00:00,app_03
id541,2020-0320 15:00:00,app_04
id541,2020-0320 15:00:00,app_05
id542,2020-0320 15:00:00,app_01
id542,2020-0320 15:00:00,app_02
id542,2020-0320 15:00:00,app_03
id542,2020-0320 15:00:00,app_04
id543,2020-0320 15:00:00,app_01
id543,2020-0320 15:00:00,app_02
id543,2020-0320 15:00:00,app_03
id543,2020-0320 15:00:00,app_04
id544,2020-0320 15:00:00,app_01
id544,2020-0320 15:00:00,app_02
id544,2020-0320 15:00:00,app_03
id545,2020-0320 15:00:00,app_01
id546,2020-0320 15:00:00,app_01
id546,2020-0320 15:00:00,app_02
id546,2020-0320 15:00:00,app_03
id547,2020-0320 15:00:00,app_01
id548,2020-0320 15:00:00,app_01
id549,2020-0320 15:00:00,app_01
id549,2020-0320 15:00:00,app_02
id549,2020-0320 15:00:00,app_03
id549,2020-0320 15:00:00,app_04
id550,2020-0320 15:00:00,app_01
id551,2020-0320 15:00:00,app_01
id552,2020-0320 15:00:00,app_01
id552,2020-0320 15:00:00,app_02
id552,2020-0320 15:00:00,app_03
id553,2020-0320 15:00:00,app_01
id553,2020-0320 15:00:00,app_02
id554,2020-0320 15:00:00,app_01
id555,2020-0320 15:00:00,app_01
id556,2020-0320 15:00:00,app_01
id556,2020-0320 15:00:00,app_02
id556,2020-0320 15:00:00,app_03
id557,2020-0320 15:00:00,app_01
id557,2020-0320 15:00:00,app_02
id558,2020-0320 15:00:00,app_01
id558,2020-0320 15:00:00,app_02
id558,2020-0320 15:00:00,app_03
id558,2020-0320 15:00:00,app_04
id558,2020-0320 15:00:00,app_05
id559,2020-0320 15:00:00,app_01
id559,2020-0320 15:00:00,app_02
id560,2020-0320 15:00:00,app_01
id560,2020-0320 15:00:00,app_02
id560,2020-0320 15:00:00,app_03
id560,2020-0320 15:00:00,app_04
id561,2020-0320 15:00:00,app_01
id561,2020-0320 15:00:00,app_02
id561,2020-0320 15:00:00,app_03
id561,2020-0320 15:00:00,app_04
id562,2020-0320 15:00:00,app_01
id562,2020-0320 15:00:00,app_02
id562,2020-0320 15:00:00,app_03
id562,2020-0320 15:00:00,app_04
id562,2020-0320 15:00:00,app_05
id563,2020-0320 15:00:00,app_01
id563,2020-0320 15:00:00,app_02
id563,2020-0320 15:00:00,app_03
id564,2020-0320 15:00:00,app_01
id564,2020-0320 15:00:00,app_02
id565,2020-0320 15:00:00,app_01
id565,2020-0320 15:00:00,app_02
id565,2020-0320 15:00:00,app_03
id565,2020-0320 15:00:00,app_04
id566,2020-0320 15:00:00,app_01
id567,2020-0320 15:00:00,app_01
id567,2020-0320 15:00:00,app_02
id567,2020-0320 15:00:00,app_03
id567,2020-0320 15:00:00,app_04
id568,2020-0320 15:00:00,app_01
id568,2020-0320 15:00:00,app_02
id568,2020-0320 15:00:00,app_03
id569,2020-0320 15:00:00,app_01
id569,2020-0320 15:00:00,app_02
id569,2020-0320 15:00:00,app_03
id570,2020-0320 15:00:00,app_01
id570,2020-0320 15:00:00,app_02
id571,2020-0320 15:00:00,app_01
id571,2020-0320 15:00:00,app_02
id572,2020-0320 15:00:00,app_01
id572,2020-0320 15:00:00,app_02
id572,2020-0320 15:00:00,app_03
id572,2020-0320 15:00:00,app_04
id573,2020-0320 15:00:00,app_01
id573,2020-0320 15:00:00,app_02
id573,2020-0320 15:00:00,app_03
id573,2020-0320 15:00:00,app_04
id573,2020-0320 15:00:00,app_05
id574,2020-0320 15:00:00,app_01
id574,2020-0320 15:00:00,app_02
id574,2020-0320 15:00:00,app_03
id574,2020-0320 15:00:00,app_04
id575,2020-0320 15:00:00,app_01
id575,2020-0320 15:00:00,app_02
id575,2020-0320 15:00:00,app_03
id575,2020-0320 15:00:00,app_04
id576,2020-0320 15:00:00,app_01
id577,2020-0320 15:00:00,app_01
id577,2020-0320 15:00:00,app_02
id577,2020-0320 15:00:00,app_03
id577,2020-0320 15:00:00,app_04
id577,2020-0320 15:00:00,app_05
id578,2020-0320 15:00:00,app_01
id579,2020-0320 15:00:00,app_01
id579,2020-0320 15:00:00,app_02
id579,2020-0320 15:00:00,app_03
id580,2020-0320 15:00:00,app_01
id580,2020-0320 15:00:00,app_02
id580,2020-0320 15:00:00,app_03
id580,2020-0320 15:00:00,app_04
id581,2020-0320 15:00:00,app_01
id581,2020-0320 15:00:00,app_02
id581,2020-0320 15:00:00,app_03
id581,2020-0320 15:00:00,app_04
id581,2020-0320 15:00:00,app_05
id582,2020-0320 15:00:00,app_01
id582,2020-0320 15:00:00,app_02
id582,2020-0320 15:00:00,app_03
id582,2020-0320 15:00:00,app_04
id582,2020-0320 15:00:00,app_05
id583,2020-0320 15:00:00,app_01
id583,2020-0320 15:00:00,app_02
id583,2020-0320 15:00:00,app_03
id583,2020-0320 15:00:00,app_04
id584,2020-0320 15:00:00,app_01
id584,2020-0320 15:00:00,app_02
id584,2020-0320 15:00:00,app_03
id585,2020-0320 15:00:00,app_01
id585,2020-0320 15:00:00,app_02
id585,2020-0320 15:00:00,app_03
id586,2020-0320 15:00:00,app_01
id586,2020-0320 15:00:00,app_02
id587,2020-0320 15:00:00,app_01
id587,2020-0320 15:00:00,app_02
id587,2020-0320 15:00:00,app_03
id587,2020-0320 15:00:00,app_04
id587,2020-0320 15:00:00,app_05
id588,2020-0320 15:00:00,app_01
id588,2020-0320 15:00:00,app_02
id589,2020-0320 15:00:00,app_01
id589,2020-0320 15:00:00,app_02
id589,2020-0320 15:00:00,app_03
id590,2020-0320 15:00:00,app_01
id590,2020-0320 15:00:00,app_02
id590,2020-0320 15:00:00,app_03
id591,2020-0320 15:00:00,app_01
id591,2020-0320 15:00:00,app_02
id591,2020-0320 15:00:00,app_03
id592,2020-0320 15:00:00,app_01
id592,2020-0320 15:00:00,app_02
id592,2020-0320 15:00:00,app_03
id592,2020-0320 15:00:00,app_04
id593,2020-0320 15:00:00,app_01
id593,2020-0320 15:00:00,app_02
id593,2020-0320 15:00:00,app_03
id593,2020-0320 15:00:00,app_04
id594,2020-0320 15:00:00,app_01
id594,2020-0320 15:00:00,app_02
id594,2020-0320 15:00:00,app_03
id595,2020-0320 15:00:00,app_01
id595,2020-0320 15:00:00,app_02
id595,2020-0320 15:00:00,app_03
id595,2020-0320 15:00:00,app_04
id595,2020-0320 15:00:00,app_05
id596,2020-0320 15:00:00,app_01
id596,2020-0320 15:00:00,app_02
id597,2020-0320 15:00:00,app_01
id598,2020-0320 15:00:00,app_01
id598,2020-0320 15:00:00,app_02
id598,2020-0320 15:00:00,app_03
id598,2020-0320 15:00:00,app_04
id598,2020-0320 15:00:00,app_05
id599,2020-0320 15:00:00,app_01
id599,2020-0320 15:00:00,app_02
id599,2020-0320 15:00:00,app_03
id599,2020-0320 15:00:00,app_04
id600,2020-0320 15:00:00,app_01
id600,2020-0320 15:00:00,app_02
id600,2020-0320 15:00:00,app_03
id600,2020-0320 15:00:00,app_04
id600,2020-0320 15:00:00,app_05
id601,2020-0320 15:00:00,app_01
id601,2020-0320 15:00:00,app_02
id601,2020-0320 15:00:00,app_03
id601,2020-0320 15:00:00,app_04
id601,2020-0320 15:00:00,app_05
id602,2020-0320 15:00:00,app_01
id603,2020-0320 15:00:00,app_01
id603,2020-0320 15:00:00,app_02
id603,2020-0320 15:00:00,app_03
id603,2020-0320 15:00:00,app_04
id603,2020-0320 15:00:00,app_05
id604,2020-0320 15:00:00,app_01
id605,2020-0320 15:00:00,app_01
id605,2020-0320 15:00:00,app_02
id606,2020-0320 15:00:00,app_01
id606,2020-0320 15:00:00,app_02
id606,2020-0320 15:00:00,app_03
id606,2020-0320 15:00:00,app_04
id607,2020-0320 15:00:00,app_01
id607,2020-0320 15:00:00,app_02
id607,2020-0320 15:00:00,app_03
id607,2020-0320 15:00:00,app_04
id608,2020-0320 15:00:00,app_01
id608,2020-0320 15:00:00,app_02
id608,2020-0320 15:00:00,app_03
id609,2020-0320 15:00:00,app_01
id609,2020-0320 15:00:00,app_02
id609,2020-0320 15:00:00,app_03
id609,2020-0320 15:00:00,app_04
id610,2020-0320 15:00:00,app_01
id611,2020-0320 15:00:00,app_01
id611,2020-0320 15:00:00,app_02
id611,2020-0320 15:00:00,app_03
id611,2020-0320 15:00:00,app_04
id611,2020-0320 15:00:00,app_05
id612,2020-0320 15:00:00,app_01
id612,2020-0320 15:00:00,app_02
id612,2020-0320 15:00:00,app_03
id613,2020-0320 15:00:00,app_01
id613,2020-0320 15:00:00,app_02
id613,2020-0320 15:00:00,app_03
id614,2020-0320 15:00:00,app_01
id615,2020-0320 15:00:00,app_01
id615,2020-0320 15:00:00,app_02
id616,2020-0320 15:00:00,app_01
id616,2020-0320 15:00:00,app_02
id616,2020-0320 15:00:00,app_03
id617,2020-0320 15:00:00,app_01
id617,2020-0320 15:00:00,app_02
id617,2020-0320 15:00:00,app_03
id618,2020-0320 15:00:00,app_01
id618,2020-0320 15:00:00,app_02
id618,2020-0320 15:00:00,app_03
id619,2020-0320 15:00:00,app_01
id619,2020-0320 15:00:00,app_02
id620,2020-0320 15:00:00,app_01
id620,2020-0320 15:00:00,app_02
id621,2020-0320 15:00:00,app_01
id621,2020-0320 15:00:00,app_02
id622,2020-0320 15:00:00,app_01
id622,2020-0320 15:00:00,app_02
id622,2020-0320 15:00:00,app_03
id623,2020-0320 15:00:00,app_01
id623,2020-0320 15:00:00,app_02
id624,2020-0320 15:00:00,app_01
id624,2020-0320 15:00:00,app_02
id624,2020-0320 15:00:00,app_03
id624,2020-0320 15:00:00,app_04
id625,2020-0320 15:00:00,app_01
id625,2020-0320 15:00:00,app_02
id626,2020-0320 15:00:00,app_01
id626,2020-0320 15:00:00,app_02
id626,2020-0320 15:00:00,app_03
id626,2020-0320 15:00:00,app_04
id627,2020-0320 15:00:00,app_01
id628,2020-0320 15:00:00,app_01
id629,2020-0320 15:00:00,app_01
id629,2020-0320 15:00:00,app_02
id629,2020-0320 15:00:00,app_03
id629,2020-0320 15:00:00,app_04
id629,2020-0320 15:00:00,app_05
id630,2020-0320 15:00:00,app_01
id630,2020-0320 15:00:00,app_02
id630,2020-0320 15:00:00,app_03
id631,2020-0320 15:00:00,app_01
id631,2020-0320 15:00:00,app_02
id631,2020-0320 15:00:00,app_03
id632,2020-0320 15:00:00,app_01
id632,2020-0320 15:00:00,app_02
id632,2020-0320 15:00:00,app_03
id632,2020-0320 15:00:00,app_04
id633,2020-0320 15:00:00,app_01
id633,2020-0320 15:00:00,app_02
id633,2020-0320 15:00:00,app_03
id634,2020-0320 15:00:00,app_01
id634,2020-0320 15:00:00,app_02
id634,2020-0320 15:00:00,app_03
id635,2020-0320 15:00:00,app_01
id635,2020-0320 15:00:00,app_02
id635,2020-0320 15:00:00,app_03
id635,2020-0320 15:00:00,app_04
id635,2020-0320 15:00:00,app_05
id636,2020-0320 15:00:00,app_01
id636,2020-0320 15:00:00,app_02
id637,2020-0320 15:00:00,app_01
id637,2020-0320 15:00:00,app_02
id637,2020-0320 15:00:00,app_03
id637,2020-0320 15:00:00,app_04
id638,2020-0320 15:00:00,app_01
id638,2020-0320 15:00:00,app_02
id639,2020-0320 15:00:00,app_01
id639,2020-0320 15:00:00,app_02
id639,2020-0320 15:00:00,app_03
id639,2020-0320 15:00:00,app_04
id640,2020-0320 15:00:00,app_01
id640,2020-0320 15:00:00,app_02
id641,2020-0320 15:00:00,app_01
id642,2020-0320 15:00:00,app_01
id642,2020-0320 15:00:00,app_02
id642,2020-0320 15:00:00,app_03
id642,2020-0320 15:00:00,app_04
id642,2020-0320 15:00:00,app_05
id643,2020-0320 15:00:00,app_01
id643,2020-0320 15:00:00,app_02
id644,2020-0320 15:00:00,app_01
id645,2020-0320 15:00:00,app_01
id646,2020-0320 15:00:00,app_01
id646,2020-0320 15:00:00,app_02
id646,2020-0320 15:00:00,app_03
id646,2020-0320 15:00:00,app_04
id647,2020-0320 15:00:00,app_01
id647,2020-0320 15:00:00,app_02
id647,2020-0320 15:00:00,app_03
id647,2020-0320 15:00:00,app_04
id647,2020-0320 15:00:00,app_05
id648,2020-0320 15:00:00,app_01
id648,2020-0320 15:00:00,app_02
id648,2020-0320 15:00:00,app_03
id648,2020-0320 15:00:00,app_04
id649,2020-0320 15:00:00,app_01
id649,2020-0320 15:00:00,app_02
id649,2020-0320 15:00:00,app_03
id649,2020-0320 15:00:00,app_04
id649,2020-0320 15:00:00,app_05
id650,2020-0320 15:00:00,app_01
id650,2020-0320 15:00:00,app_02
id651,2020-0320 15:00:00,app_01
id652,2020-0320 15:00:00,app_01
id653,2020-0320 15:00:00,app_01
id653,2020-0320 15:00:00,app_02
id654,2020-0320 15:00:00,app_01
id654,2020-0320 15:00:00,app_02
id654,2020-0320 15:00:00,app_03
id654,2020-0320 15:00:00,app_04
id655,2020-0320 15:00:00,app_01
id655,2020-0320 15:00:00,app_02
id655,2020-0320 15:00:00,app_03
id655,2020-0320 15:00:00,app_04
id655,2020-0320 15:00:00,app_05
id656,2020-0320 15:00:00,app_01
id657,2020-0320 15:00:00,app_01
id657,2020-0320 15:00:00,app_02
id657,2020-0320 15:00:00,app_03
id657,2020-0320 15:00:00,app_04
id658,2020-0320 15:00:00,app_01
id658,2020-0320 15:00:00,app_02
id659,2020-0320 15:00:00,app_01
id660,2020-0320 15:00:00,app_01
id660,2020-0320 15:00:00,app_02
id660,2020-0320 15:00:00,app_03
id660,2020-0320 15:00:00,app_04
id660,2020-0320 15:00:00,app_05
id661,2020-0320 15:00:00,app_01
id661,2020-0320 15:00:00,app_02
id661,2020-0320 15:00:00,app_03
id661,2020-0320 15:00:00,app_04
id661,2020-0320 15:00:00,app_05
id662,2020-0320 15:00:00,app_01
id662,2020-0320 15:00:00,app_02
id662,2020-0320 15:00:00,app_03
id662,2020-0320 15:00:00,app_04
id663,2020-0320 15:00:00,app_01
id663,2020-0320 15:00:00,app_02
id663,2020-0320 15:00:00,app_03
id664,2020-0320 15:00:00,app_01
id664,2020-0320 15:00:00,app_02
id664,2020-0320 15:00:00,app_03
id664,2020-0320 15:00:00,app_04
id664,2020-0320 15:00:00,app_05
id665,2020-0320 15:00:00,app_01
id665,2020-0320 15:00:00,app_02
id666,2020-0320 15:00:00,app_01
id666,2020-0320 15:00:00,app_02
id666,2020-0320 15:00:00,app_03
id666,2020-0320 15:00:00,app_04
id666,2020-0320 15:00:00,app_05
id667,2020-0320 15:00:00,app_01
id667,2020-0320 15:00:00,app_02
id667,2020-0320 15:00:00,app_03
id667,2020-0320 15:00:00,app_04
id667,2020-0320 15:00:00,app_05
id668,2020-0320 15:00:00,app_01
id668,2020-0320 15:00:00,app_02
id668,2020-0320 15:00:00,app_03
id669,2020-0320 15:00:00,app_01
id670,2020-0320 15:00:00,app_01
id670,2020-0320 15:00:00,app_02
id670,2020-0320 15:00:00,app_03
id670,2020-0320 15:00:00,app_04
id670,2020-0320 15:00:00,app_05
id671,2020-0320 15:00:00,app_01
id671,2020-0320 15:00:00,app_02
id672,2020-0320 15:00:00,app_01
id673,2020-0320 15:00:00,app_01
id674,2020-0320 15:00:00,app_01
id674,2020-0320 15:00:00,app_02
id675,2020-0320 15:00:00,app_01
id676,2020-0320 15:00:00,app_01
id676,2020-0320 15:00:00,app_02
id676,2020-0320 15:00:00,app_03
id677,2020-0320 15:00:00,app_01
id677,2020-0320 15:00:00,app_02
id677,2020-0320 15:00:00,app_03
id677,2020-0320 15:00:00,app_04
id677,2020-0320 15:00:00,app_05
id678,2020-0320 15:00:00,app_01
id678,2020-0320 15:00:00,app_02
id678,2020-0320 15:00:00,app_03
id678,2020-0320 15:00:00,app_04
id679,2020-0320 15:00:00,app_01
id679,2020-0320 15:00:00,app_02
id680,2020-0320 15:00:00,app_01
id681,2020-0320 15:00:00,app_01
id682,2020-0320 15:00:00,app_01
id682,2020-0320 15:00:00,app_02
id682,2020-0320 15:00:00,app_03
id682,2020-0320 15:00:00,app_04
id682,2020-0320 15:00:00,app_05
id683,2020-0320 15:00:00,app_01
id683,2020-0320 15:00:00,app_02
id683,2020-0320 15:00:00,app_03
id683,2020-0320 15:00:00,app_04
id684,2020-0320 15:00:00,app_01
id684,2020-0320 15:00:00,app_02
id684,2020-0320 15:00:00,app_03
id685,2020-0320 15:00:00,app_01
id685,2020-0320 15:00:00,app_02
id685,2020-0320 15:00:00,app_03
id686,2020-0320 15:00:00,app_01
id687,2020-0320 15:00:00,app_01
id687,2020-0320 15:00:00,app_02
id688,2020-0320 15:00:00,app_01
id688,2020-0320 15:00:00,app_02
id688,2020-0320 15:00:00,app_03
id688,2020-0320 15:00:00,app_04
id689,2020-0320 15:00:00,app_01
id689,2020-0320 15:00:00,app_02
id689,2020-0320 15:00:00,app_03
id690,2020-0320 15:00:00,app_01
id691,2020-0320 15:00:00,app_01
id692,2020-0320 15:00:00,app_01
id692,2020-0320 15:00:00,app_02
id692,2020-0320 15:00:00,app_03
id692,2020-0320 15:00:00,app_04
id692,2020-0320 15:00:00,app_05
id693,2020-0320 15:00:00,app_01
id693,2020-0320 15:00:00,app_02
id693,2020-0320 15:00:00,app_03
id693,2020-0320 15:00:00,app_04
id693,2020-0320 15:00:00,app_05
id694,2020-0320 15:00:00,app_01
id695,2020-0320 15:00:00,app_01
id696,2020-0320 15:00:00,app_01
id696,2020-0320 15:00:00,app_02
id697,2020-0320 15:00:00,app_01
id697,2020-0320 15:00:00,app_02
id697,2020-0320 15:00:00,app_03
id698,2020-0320 15:00:00,app_01
id698,2020-0320 15:00:00,app_02
id698,2020-0320 15:00:00,app_03
id698,2020-0320 15:00:00,app_04
id698,2020-0320 15:00:00,app_05
id699,2020-0320 15:00:00,app_01
id699,2020-0320 15:00:00,app_02
id700,2020-0320 15:00:00,app_01
id700,2020-0320 15:00:00,app_02
id700,2020-0320 15:00:00,app_03
id700,2020-0320 15:00:00,app_04
id700,2020-0320 15:00:00,app_05
id701,2020-0320 15:00:00,app_01
id701,2020-0320 15:00:00,app_02
id701,2020-0320 15:00:00,app_03
id702,2020-0320 15:00:00,app_01
id702,2020-0320 15:00:00,app_02
id702,2020-0320 15:00:00,app_03
id702,2020-0320 15:00:00,app_04
id703,2020-0320 15:00:00,app_01
id703,2020-0320 15:00:00,app_02
id704,2020-0320 15:00:00,app_01
id704,2020-0320 15:00:00,app_02
id704,2020-0320 15:00:00,app_03
id704,2020-0320 15:00:00,app_04
id705,2020-0320 15:00:00,app_01
id706,2020-0320 15:00:00,app_01
id707,2020-0320 15:00:00,app_01
id707,2020-0320 15:00:00,app_02
id707,2020-0320 15:00:00,app_03
id708,2020-0320 15:00:00,app_01
id708,2020-0320 15:00:00,app_02
id709,2020-0320 15:00:00,app_01
id709,2020-0320 15:00:00,app_02
id709,2020-0320 15:00:00,app_03
id709,2020-0320 15:00:00,app_04
id709,2020-0320 15:00:00,app_05
id710,2020-0320 15:00:00,app_01
id710,2020-0320 15:00:00,app_02
id710,2020-0320 15:00:00,app_03
id710,2020-0320 15:00:00,app_04
id710,2020-0320 15:00:00,app_05
id711,2020-0320 15:00:00,app_01
id711,2020-0320 15:00:00,app_02
id711,2020-0320 15:00:00,app_03
id711,2020-0320 15:00:00,app_04
id711,2020-0320 15:00:00,app_05
id712,2020-0320 15:00:00,app_01
id713,2020-0320 15:00:00,app_01
id714,2020-0320 15:00:00,app_01
id714,2020-0320 15:00:00,app_02
id715,2020-0320 15:00:00,app_01
id716,2020-0320 15:00:00,app_01
id716,2020-0320 15:00:00,app_02
id716,2020-0320 15:00:00,app_03
id717,2020-0320 15:00:00,app_01
id717,2020-0320 15:00:00,app_02
id717,2020-0320 15:00:00,app_03
id717,2020-0320 15:00:00,app_04
id717,2020-0320 15:00:00,app_05
id718,2020-0320 15:00:00,app_01
id719,2020-0320 15:00:00,app_01
id719,2020-0320 15:00:00,app_02
id719,2020-0320 15:00:00,app_03
id720,2020-0320 15:00:00,app_01
id720,2020-0320 15:00:00,app_02
id720,2020-0320 15:00:00,app_03
id720,2020-0320 15:00:00,app_04
id720,2020-0320 15:00:00,app_05
id721,2020-0320 15:00:00,app_01
id721,2020-0320 15:00:00,app_02
id721,2020-0320 15:00:00,app_03
id721,2020-0320 15:00:00,app_04
id721,2020-0320 15:00:00,app_05
id722,2020-0320 15:00:00,app_01
id722,2020-0320 15:00:00,app_02
id722,2020-0320 15:00:00,app_03
id723,2020-0320 15:00:00,app_01
id723,2020-0320 15:00:00,app_02
id723,2020-0320 15:00:00,app_03
id724,2020-0320 15:00:00,app_01
id724,2020-0320 15:00:00,app_02
id725,2020-0320 15:00:00,app_01
id725,2020-0320 15:00:00,app_02
id725,2020-0320 15:00:00,app_03
id725,2020-0320 15:00:00,app_04
id726,2020-0320 15:00:00,app_01
id726,2020-0320 15:00:00,app_02
id726,2020-0320 15:00:00,app_03
id727,2020-0320 15:00:00,app_01
id727,2020-0320 15:00:00,app_02
id727,2020-0320 15:00:00,app_03
id727,2020-0320 15:00:00,app_04
id728,2020-0320 15:00:00,app_01
id728,2020-0320 15:00:00,app_02
id728,2020-0320 15:00:00,app_03
id729,2020-0320 15:00:00,app_01
id729,2020-0320 15:00:00,app_02
id730,2020-0320 15:00:00,app_01
id730,2020-0320 15:00:00,app_02
id730,2020-0320 15:00:00,app_03
id730,2020-0320 15:00:00,app_04
id731,2020-0320 15:00:00,app_01
id731,2020-0320 15:00:00,app_02
id731,2020-0320 15:00:00,app_03
id732,2020-0320 15:00:00,app_01
id732,2020-0320 15:00:00,app_02
id732,2020-0320 15:00:00,app_03
id732,2020-0320 15:00:00,app_04
id733,2020-0320 15:00:00,app_01
id733,2020-0320 15:00:00,app_02
id733,2020-0320 15:00:00,app_03
id733,2020-0320 15:00:00,app_04
id734,2020-0320 15:00:00,app_01
id734,2020-0320 15:00:00,app_02
id734,2020-0320 15:00:00,app_03
id734,2020-0320 15:00:00,app_04
id734,2020-0320 15:00:00,app_05
id735,2020-0320 15:00:00,app_01
id735,2020-0320 15:00:00,app_02
id735,2020-0320 15:00:00,app_03
id735,2020-0320 15:00:00,app_04
id735,2020-0320 15:00:00,app_05
id736,2020-0320 15:00:00,app_01
id737,2020-0320 15:00:00,app_01
id737,2020-0320 15:00:00,app_02
id737,2020-0320 15:00:00,app_03
id737,2020-0320 15:00:00,app_04
id737,2020-0320 15:00:00,app_05
id738,2020-0320 15:00:00,app_01
id738,2020-0320 15:00:00,app_02
id739,2020-0320 15:00:00,app_01
id739,2020-0320 15:00:00,app_02
id739,2020-0320 15:00:00,app_03
id739,2020-0320 15:00:00,app_04
id740,2020-0320 15:00:00,app_01
id741,2020-0320 15:00:00,app_01
id741,2020-0320 15:00:00,app_02
id741,2020-0320 15:00:00,app_03
id741,2020-0320 15:00:00,app_04
id741,2020-0320 15:00:00,app_05
id742,2020-0320 15:00:00,app_01
id742,2020-0320 15:00:00,app_02
id742,2020-0320 15:00:00,app_03
id742,2020-0320 15:00:00,app_04
id743,2020-0320 15:00:00,app_01
id743,2020-0320 15:00:00,app_02
id744,2020-0320 15:00:00,app_01
id744,2020-0320 15:00:00,app_02
id745,2020-0320 15:00:00,app_01
id745,2020-0320 15:00:00,app_02
id746,2020-0320 15:00:00,app_01
id746,2020-0320 15:00:00,app_02
id746,2020-0320 15:00:00,app_03
id747,2020-0320 15:00:00,app_01
id747,2020-0320 15:00:00,app_02
id748,2020-0320 15:00:00,app_01
id749,2020-0320 15:00:00,app_01
id749,2020-0320 15:00:00,app_02
id749,2020-0320 15:00:00,app_03
id750,2020-0320 15:00:00,app_01
id750,2020-0320 15:00:00,app_02
id751,2020-0320 15:00:00,app_01
id751,2020-0320 15:00:00,app_02
id752,2020-0320 15:00:00,app_01
id752,2020-0320 15:00:00,app_02
id752,2020-0320 15:00:00,app_03
id752,2020-0320 15:00:00,app_04
id753,2020-0320 15:00:00,app_01
id754,2020-0320 15:00:00,app_01
id754,2020-0320 15:00:00,app_02
id754,2020-0320 15:00:00,app_03
id754,2020-0320 15:00:00,app_04
id755,2020-0320 15:00:00,app_01
id755,2020-0320 15:00:00,app_02
id755,2020-0320 15:00:00,app_03
id755,2020-0320 15:00:00,app_04
id756,2020-0320 15:00:00,app_01
id756,2020-0320 15:00:00,app_02
id757,2020-0320 15:00:00,app_01
id758,2020-0320 15:00:00,app_01
id758,2020-0320 15:00:00,app_02
id758,2020-0320 15:00:00,app_03
id758,2020-0320 15:00:00,app_04
id758,2020-0320 15:00:00,app_05
id759,2020-0320 15:00:00,app_01
id759,2020-0320 15:00:00,app_02
id759,2020-0320 15:00:00,app_03
id759,2020-0320 15:00:00,app_04
id759,2020-0320 15:00:00,app_05
id760,2020-0320 15:00:00,app_01
id760,2020-0320 15:00:00,app_02
id760,2020-0320 15:00:00,app_03
id760,2020-0320 15:00:00,app_04
id761,2020-0320 15:00:00,app_01
id761,2020-0320 15:00:00,app_02
id762,2020-0320 15:00:00,app_01
id762,2020-0320 15:00:00,app_02
id762,2020-0320 15:00:00,app_03
id762,2020-0320 15:00:00,app_04
id762,2020-0320 15:00:00,app_05
id763,2020-0320 15:00:00,app_01
id763,2020-0320 15:00:00,app_02
id763,2020-0320 15:00:00,app_03
id764,2020-0320 15:00:00,app_01
id764,2020-0320 15:00:00,app_02
id764,2020-0320 15:00:00,app_03
id765,2020-0320 15:00:00,app_01
id766,2020-0320 15:00:00,app_01
id766,2020-0320 15:00:00,app_02
id766,2020-0320 15:00:00,app_03
id766,2020-0320 15:00:00,app_04
id766,2020-0320 15:00:00,app_05
id767,2020-0320 15:00:00,app_01
id767,2020-0320 15:00:00,app_02
id767,2020-0320 15:00:00,app_03
id768,2020-0320 15:00:00,app_01
id768,2020-0320 15:00:00,app_02
id768,2020-0320 15:00:00,app_03
id768,2020-0320 15:00:00,app_04
id768,2020-0320 15:00:00,app_05
id769,2020-0320 15:00:00,app_01
id769,2020-0320 15:00:00,app_02
id769,2020-0320 15:00:00,app_03
id769,2020-0320 15:00:00,app_04
id770,2020-0320 15:00:00,app_01
id770,2020-0320 15:00:00,app_02
id770,2020-0320 15:00:00,app_03
id770,2020-0320 15:00:00,app_04
id771,2020-0320 15:00:00,app_01
id771,2020-0320 15:00:00,app_02
id771,2020-0320 15:00:00,app_03
id772,2020-0320 15:00:00,app_01
id772,2020-0320 15:00:00,app_02
id773,2020-0320 15:00:00,app_01
id773,2020-0320 15:00:00,app_02
id773,2020-0320 15:00:00,app_03
id774,2020-0320 15:00:00,app_01
id774,2020-0320 15:00:00,app_02
id775,2020-0320 15:00:00,app_01
id775,2020-0320 15:00:00,app_02
id775,2020-0320 15:00:00,app_03
id775,2020-0320 15:00:00,app_04
id775,2020-0320 15:00:00,app_05
id776,2020-0320 15:00:00,app_01
id776,2020-0320 15:00:00,app_02
id776,2020-0320 15:00:00,app_03
id776,2020-0320 15:00:00,app_04
id776,2020-0320 15:00:00,app_05
id777,2020-0320 15:00:00,app_01
id777,2020-0320 15:00:00,app_02
id777,2020-0320 15:00:00,app_03
id777,2020-0320 15:00:00,app_04
id778,2020-0320 15:00:00,app_01
id778,2020-0320 15:00:00,app_02
id778,2020-0320 15:00:00,app_03
id778,2020-0320 15:00:00,app_04
id779,2020-0320 15:00:00,app_01
id779,2020-0320 15:00:00,app_02
id779,2020-0320 15:00:00,app_03
id779,2020-0320 15:00:00,app_04
id779,2020-0320 15:00:00,app_05
id780,2020-0320 15:00:00,app_01
id780,2020-0320 15:00:00,app_02
id780,2020-0320 15:00:00,app_03
id780,2020-0320 15:00:00,app_04
id780,2020-0320 15:00:00,app_05
id781,2020-0320 15:00:00,app_01
id782,2020-0320 15:00:00,app_01
id783,2020-0320 15:00:00,app_01
id783,2020-0320 15:00:00,app_02
id783,2020-0320 15:00:00,app_03
id783,2020-0320 15:00:00,app_04
id784,2020-0320 15:00:00,app_01
id785,2020-0320 15:00:00,app_01
id785,2020-0320 15:00:00,app_02
id786,2020-0320 15:00:00,app_01
id787,2020-0320 15:00:00,app_01
id787,2020-0320 15:00:00,app_02
id787,2020-0320 15:00:00,app_03
id787,2020-0320 15:00:00,app_04
id788,2020-0320 15:00:00,app_01
id788,2020-0320 15:00:00,app_02
id788,2020-0320 15:00:00,app_03
id789,2020-0320 15:00:00,app_01
id789,2020-0320 15:00:00,app_02
id789,2020-0320 15:00:00,app_03
id789,2020-0320 15:00:00,app_04
id789,2020-0320 15:00:00,app_05
id790,2020-0320 15:00:00,app_01
id790,2020-0320 15:00:00,app_02
id790,2020-0320 15:00:00,app_03
id790,2020-0320 15:00:00,app_04
id790,2020-0320 15:00:00,app_05
id791,2020-0320 15:00:00,app_01
id791,2020-0320 15:00:00,app_02
id791,2020-0320 15:00:00,app_03
id792,2020-0320 15:00:00,app_01
id793,2020-0320 15:00:00,app_01
id793,2020-0320 15:00:00,app_02
id793,2020-0320 15:00:00,app_03
id793,2020-0320 15:00:00,app_04
id794,2020-0320 15:00:00,app_01
id794,2020-0320 15:00:00,app_02
id794,2020-0320 15:00:00,app_03
id795,2020-0320 15:00:00,app_01
id795,2020-0320 15:00:00,app_02
id795,2020-0320 15:00:00,app_03
id795,2020-0320 15:00:00,app_04
id795,2020-0320 15:00:00,app_05
id796,2020-0320 15:00:00,app_01
id796,2020-0320 15:00:00,app_02
id797,2020-0320 15:00:00,app_01
id798,2020-0320 15:00:00,app_01
id798,2020-0320 15:00:00,app_02
id799,2020-0320 15:00:00,app_01
id799,2020-0320 15:00:00,app_02
id799,2020-0320 15:00:00,app_03
id800,2020-0320 15:00:00,app_01
id800,2020-0320 15:00:00,app_02
id800,2020-0320 15:00:00,app_03
id801,2020-0320 15:00:00,app_01
id801,2020-0320 15:00:00,app_02
id801,2020-0320 15:00:00,app_03
id801,2020-0320 15:00:00,app_04
id802,2020-0320 15:00:00,app_01
id803,2020-0320 15:00:00,app_01
id803,2020-0320 15:00:00,app_02
id803,2020-0320 15:00:00,app_03
id803,2020-0320 15:00:00,app_04
id803,2020-0320 15:00:00,app_05
id804,2020-0320 15:00:00,app_01
id804,2020-0320 15:00:00,app_02
id805,2020-0320 15:00:00,app_01
id805,2020-0320 15:00:00,app_02
id805,2020-0320 15:00:00,app_03
id806,2020-0320 15:00:00,app_01
id806,2020-0320 15:00:00,app_02
id806,2020-0320 15:00:00,app_03
id806,2020-0320 15:00:00,app_04
id807,2020-0320 15:00:00,app_01
id807,2020-0320 15:00:00,app_02
id807,2020-0320 15:00:00,app_03
id807,2020-0320 15:00:00,app_04
id807,2020-0320 15:00:00,app_05
id808,2020-0320 15:00:00,app_01
id808,2020-0320 15:00:00,app_02
id808,2020-0320 15:00:00,app_03
id808,2020-0320 15:00:00,app_04
id808,2020-0320 15:00:00,app_05
id809,2020-0320 15:00:00,app_01
id810,2020-0320 15:00:00,app_01
id810,2020-0320 15:00:00,app_02
id810,2020-0320 15:00:00,app_03
id810,2020-0320 15:00:00,app_04
id810,2020-0320 15:00:00,app_05
id811,2020-0320 15:00:00,app_01
id811,2020-0320 15:00:00,app_02
id811,2020-0320 15:00:00,app_03
id811,2020-0320 15:00:00,app_04
id812,2020-0320 15:00:00,app_01
id812,2020-0320 15:00:00,app_02
id812,2020-0320 15:00:00,app_03
id813,2020-0320 15:00:00,app_01
id813,2020-0320 15:00:00,app_02
id814,2020-0320 15:00:00,app_01
id814,2020-0320 15:00:00,app_02
id814,2020-0320 15:00:00,app_03
id814,2020-0320 15:00:00,app_04
id814,2020-0320 15:00:00,app_05
id815,2020-0320 15:00:00,app_01
id816,2020-0320 15:00:00,app_01
id816,2020-0320 15:00:00,app_02
id817,2020-0320 15:00:00,app_01
id817,2020-0320 15:00:00,app_02
id817,2020-0320 15:00:00,app_03
id817,2020-0320 15:00:00,app_04
id817,2020-0320 15:00:00,app_05
id818,2020-0320 15:00:00,app_01
id818,2020-0320 15:00:00,app_02
id818,2020-0320 15:00:00,app_03
id818,2020-0320 15:00:00,app_04
id818,2020-0320 15:00:00,app_05
id819,2020-0320 15:00:00,app_01
id819,2020-0320 15:00:00,app_02
id819,2020-0320 15:00:00,app_03
id819,2020-0320 15:00:00,app_04
id820,2020-0320 15:00:00,app_01
id820,2020-0320 15:00:00,app_02
id820,2020-0320 15:00:00,app_03
id820,2020-0320 15:00:00,app_04
id820,2020-0320 15:00:00,app_05
id821,2020-0320 15:00:00,app_01
id821,2020-0320 15:00:00,app_02
id822,2020-0320 15:00:00,app_01
id822,2020-0320 15:00:00,app_02
id823,2020-0320 15:00:00,app_01
id823,2020-0320 15:00:00,app_02
id823,2020-0320 15:00:00,app_03
id823,2020-0320 15:00:00,app_04
id824,2020-0320 15:00:00,app_01
id824,2020-0320 15:00:00,app_02
id824,2020-0320 15:00:00,app_03
id825,2020-0320 15:00:00,app_01
id826,2020-0320 15:00:00,app_01
id826,2020-0320 15:00:00,app_02
id826,2020-0320 15:00:00,app_03
id826,2020-0320 15:00:00,app_04
id827,2020-0320 15:00:00,app_01
id827,2020-0320 15:00:00,app_02
id827,2020-0320 15:00:00,app_03
id828,2020-0320 15:00:00,app_01
id828,2020-0320 15:00:00,app_02
id828,2020-0320 15:00:00,app_03
id828,2020-0320 15:00:00,app_04
id828,2020-0320 15:00:00,app_05
id829,2020-0320 15:00:00,app_01
id829,2020-0320 15:00:00,app_02
id829,2020-0320 15:00:00,app_03
id830,2020-0320 15:00:00,app_01
id831,2020-0320 15:00:00,app_01
id831,2020-0320 15:00:00,app_02
id832,2020-0320 15:00:00,app_01
id832,2020-0320 15:00:00,app_02
id832,2020-0320 15:00:00,app_03
id832,2020-0320 15:00:00,app_04
id832,2020-0320 15:00:00,app_05
id833,2020-0320 15:00:00,app_01
id833,2020-0320 15:00:00,app_02
id833,2020-0320 15:00:00,app_03
id833,2020-0320 15:00:00,app_04
id834,2020-0320 15:00:00,app_01
id834,2020-0320 15:00:00,app_02
id835,2020-0320 15:00:00,app_01
id835,2020-0320 15:00:00,app_02
id835,2020-0320 15:00:00,app_03
id836,2020-0320 15:00:00,app_01
id837,2020-0320 15:00:00,app_01
id837,2020-0320 15:00:00,app_02
id837,2020-0320 15:00:00,app_03
id837,2020-0320 15:00:00,app_04
id837,2020-0320 15:00:00,app_05
id838,2020-0320 15:00:00,app_01
id838,2020-0320 15:00:00,app_02
id838,2020-0320 15:00:00,app_03
id838,2020-0320 15:00:00,app_04
id838,2020-0320 15:00:00,app_05
id839,2020-0320 15:00:00,app_01
id839,2020-0320 15:00:00,app_02
id840,2020-0320 15:00:00,app_01
id840,2020-0320 15:00:00,app_02
id840,2020-0320 15:00:00,app_03
id841,2020-0320 15:00:00,app_01
id841,2020-0320 15:00:00,app_02
id841,2020-0320 15:00:00,app_03
id841,2020-0320 15:00:00,app_04
id841,2020-0320 15:00:00,app_05
id842,2020-0320 15:00:00,app_01
id842,2020-0320 15:00:00,app_02
id842,2020-0320 15:00:00,app_03
id842,2020-0320 15:00:00,app_04
id843,2020-0320 15:00:00,app_01
id843,2020-0320 15:00:00,app_02
id843,2020-0320 15:00:00,app_03
id843,2020-0320 15:00:00,app_04
id844,2020-0320 15:00:00,app_01
id844,2020-0320 15:00:00,app_02
id844,2020-0320 15:00:00,app_03
id844,2020-0320 15:00:00,app_04
id844,2020-0320 15:00:00,app_05
id845,2020-0320 15:00:00,app_01
id845,2020-0320 15:00:00,app_02
id846,2020-0320 15:00:00,app_01
id847,2020-0320 15:00:00,app_01
id847,2020-0320 15:00:00,app_02
id847,2020-0320 15:00:00,app_03
id847,2020-0320 15:00:00,app_04
id848,2020-0320 15:00:00,app_01
id848,2020-0320 15:00:00,app_02
id849,2020-0320 15:00:00,app_01
id850,2020-0320 15:00:00,app_01
id850,2020-0320 15:00:00,app_02
id850,2020-0320 15:00:00,app_03
id850,2020-0320 15:00:00,app_04
id851,2020-0320 15:00:00,app_01
id851,2020-0320 15:00:00,app_02
id851,2020-0320 15:00:00,app_03
id851,2020-0320 15:00:00,app_04
id852,2020-0320 15:00:00,app_01
id852,2020-0320 15:00:00,app_02
id853,2020-0320 15:00:00,app_01
id853,2020-0320 15:00:00,app_02
id853,2020-0320 15:00:00,app_03
id853,2020-0320 15:00:00,app_04
id853,2020-0320 15:00:00,app_05
id854,2020-0320 15:00:00,app_01
id854,2020-0320 15:00:00,app_02
id855,2020-0320 15:00:00,app_01
id856,2020-0320 15:00:00,app_01
id856,2020-0320 15:00:00,app_02
id857,2020-0320 15:00:00,app_01
id857,2020-0320 15:00:00,app_02
id857,2020-0320 15:00:00,app_03
id858,2020-0320 15:00:00,app_01
id858,2020-0320 15:00:00,app_02
id858,2020-0320 15:00:00,app_03
id858,2020-0320 15:00:00,app_04
id859,2020-0320 15:00:00,app_01
id859,2020-0320 15:00:00,app_02
id859,2020-0320 15:00:00,app_03
id859,2020-0320 15:00:00,app_04
id859,2020-0320 15:00:00,app_05
id860,2020-0320 15:00:00,app_01
id860,2020-0320 15:00:00,app_02
id860,2020-0320 15:00:00,app_03
id860,2020-0320 15:00:00,app_04
id860,2020-0320 15:00:00,app_05
id861,2020-0320 15:00:00,app_01
id861,2020-0320 15:00:00,app_02
id862,2020-0320 15:00:00,app_01
id862,2020-0320 15:00:00,app_02
id862,2020-0320 15:00:00,app_03
id862,2020-0320 15:00:00,app_04
id863,2020-0320 15:00:00,app_01
id864,2020-0320 15:00:00,app_01
id864,2020-0320 15:00:00,app_02
id864,2020-0320 15:00:00,app_03
id865,2020-0320 15:00:00,app_01
id865,2020-0320 15:00:00,app_02
id865,2020-0320 15:00:00,app_03
id865,2020-0320 15:00:00,app_04
id866,2020-0320 15:00:00,app_01
id866,2020-0320 15:00:00,app_02
id866,2020-0320 15:00:00,app_03
id867,2020-0320 15:00:00,app_01
id867,2020-0320 15:00:00,app_02
id867,2020-0320 15:00:00,app_03
id867,2020-0320 15:00:00,app_04
id868,2020-0320 15:00:00,app_01
id868,2020-0320 15:00:00,app_02
id868,2020-0320 15:00:00,app_03
id868,2020-0320 15:00:00,app_04
id869,2020-0320 15:00:00,app_01
id870,2020-0320 15:00:00,app_01
id870,2020-0320 15:00:00,app_02
id870,2020-0320 15:00:00,app_03
id871,2020-0320 15:00:00,app_01
id871,2020-0320 15:00:00,app_02
id871,2020-0320 15:00:00,app_03
id871,2020-0320 15:00:00,app_04
id872,2020-0320 15:00:00,app_01
id872,2020-0320 15:00:00,app_02
id872,2020-0320 15:00:00,app_03
id873,2020-0320 15:00:00,app_01
id874,2020-0320 15:00:00,app_01
id874,2020-0320 15:00:00,app_02
id874,2020-0320 15:00:00,app_03
id874,2020-0320 15:00:00,app_04
id875,2020-0320 15:00:00,app_01
id875,2020-0320 15:00:00,app_02
id875,2020-0320 15:00:00,app_03
id876,2020-0320 15:00:00,app_01
id876,2020-0320 15:00:00,app_02
id877,2020-0320 15:00:00,app_01
id877,2020-0320 15:00:00,app_02
id877,2020-0320 15:00:00,app_03
id877,2020-0320 15:00:00,app_04
id878,2020-0320 15:00:00,app_01
id878,2020-0320 15:00:00,app_02
id878,2020-0320 15:00:00,app_03
id878,2020-0320 15:00:00,app_04
id879,2020-0320 15:00:00,app_01
id879,2020-0320 15:00:00,app_02
id879,2020-0320 15:00:00,app_03
id879,2020-0320 15:00:00,app_04
id880,2020-0320 15:00:00,app_01
id880,2020-0320 15:00:00,app_02
id880,2020-0320 15:00:00,app_03
id880,2020-0320 15:00:00,app_04
id881,2020-0320 15:00:00,app_01
id881,2020-0320 15:00:00,app_02
id881,2020-0320 15:00:00,app_03
id882,2020-0320 15:00:00,app_01
id882,2020-0320 15:00:00,app_02
id883,2020-0320 15:00:00,app_01
id883,2020-0320 15:00:00,app_02
id883,2020-0320 15:00:00,app_03
id883,2020-0320 15:00:00,app_04
id884,2020-0320 15:00:00,app_01
id885,2020-0320 15:00:00,app_01
id886,2020-0320 15:00:00,app_01
id886,2020-0320 15:00:00,app_02
id886,2020-0320 15:00:00,app_03
id886,2020-0320 15:00:00,app_04
id886,2020-0320 15:00:00,app_05
id887,2020-0320 15:00:00,app_01
id887,2020-0320 15:00:00,app_02
id888,2020-0320 15:00:00,app_01
id888,2020-0320 15:00:00,app_02
id888,2020-0320 15:00:00,app_03
id888,2020-0320 15:00:00,app_04
id888,2020-0320 15:00:00,app_05
id889,2020-0320 15:00:00,app_01
id890,2020-0320 15:00:00,app_01
id891,2020-0320 15:00:00,app_01
id892,2020-0320 15:00:00,app_01
id892,2020-0320 15:00:00,app_02
id892,2020-0320 15:00:00,app_03
id892,2020-0320 15:00:00,app_04
id893,2020-0320 15:00:00,app_01
id894,2020-0320 15:00:00,app_01
id894,2020-0320 15:00:00,app_02
id894,2020-0320 15:00:00,app_03
id894,2020-0320 15:00:00,app_04
id894,2020-0320 15:00:00,app_05
id895,2020-0320 15:00:00,app_01
id896,2020-0320 15:00:00,app_01
id896,2020-0320 15:00:00,app_02
id896,2020-0320 15:00:00,app_03
id896,2020-0320 15:00:00,app_04
id897,2020-0320 15:00:00,app_01
id897,2020-0320 15:00:00,app_02
id897,2020-0320 15:00:00,app_03
id897,2020-0320 15:00:00,app_04
id898,2020-0320 15:00:00,app_01
id898,2020-0320 15:00:00,app_02
id899,2020-0320 15:00:00,app_01
id899,2020-0320 15:00:00,app_02
id900,2020-0320 15:00:00,app_01
id901,2020-0320 15:00:00,app_01
id901,2020-0320 15:00:00,app_02
id901,2020-0320 15:00:00,app_03
id902,2020-0320 15:00:00,app_01
id902,2020-0320 15:00:00,app_02
id902,2020-0320 15:00:00,app_03
id903,2020-0320 15:00:00,app_01
id903,2020-0320 15:00:00,app_02
id903,2020-0320 15:00:00,app_03
id903,2020-0320 15:00:00,app_04
id903,2020-0320 15:00:00,app_05
id904,2020-0320 15:00:00,app_01
id904,2020-0320 15:00:00,app_02
id904,2020-0320 15:00:00,app_03
id905,2020-0320 15:00:00,app_01
id906,2020-0320 15:00:00,app_01
id906,2020-0320 15:00:00,app_02
id906,2020-0320 15:00:00,app_03
id906,2020-0320 15:00:00,app_04
id906,2020-0320 15:00:00,app_05
id907,2020-0320 15:00:00,app_01
id907,2020-0320 15:00:00,app_02
id908,2020-0320 15:00:00,app_01
id908,2020-0320 15:00:00,app_02
id908,2020-0320 15:00:00,app_03
id908,2020-0320 15:00:00,app_04
id909,2020-0320 15:00:00,app_01
id909,2020-0320 15:00:00,app_02
id909,2020-0320 15:00:00,app_03
id909,2020-0320 15:00:00,app_04
id909,2020-0320 15:00:00,app_05
id910,2020-0320 15:00:00,app_01
id911,2020-0320 15:00:00,app_01
id912,2020-0320 15:00:00,app_01
id912,2020-0320 15:00:00,app_02
id912,2020-0320 15:00:00,app_03
id913,2020-0320 15:00:00,app_01
id913,2020-0320 15:00:00,app_02
id914,2020-0320 15:00:00,app_01
id914,2020-0320 15:00:00,app_02
id914,2020-0320 15:00:00,app_03
id915,2020-0320 15:00:00,app_01
id915,2020-0320 15:00:00,app_02
id915,2020-0320 15:00:00,app_03
id915,2020-0320 15:00:00,app_04
id915,2020-0320 15:00:00,app_05
id916,2020-0320 15:00:00,app_01
id916,2020-0320 15:00:00,app_02
id916,2020-0320 15:00:00,app_03
id916,2020-0320 15:00:00,app_04
id916,2020-0320 15:00:00,app_05
id917,2020-0320 15:00:00,app_01
id917,2020-0320 15:00:00,app_02
id917,2020-0320 15:00:00,app_03
id918,2020-0320 15:00:00,app_01
id918,2020-0320 15:00:00,app_02
id918,2020-0320 15:00:00,app_03
id918,2020-0320 15:00:00,app_04
id919,2020-0320 15:00:00,app_01
id920,2020-0320 15:00:00,app_01
id920,2020-0320 15:00:00,app_02
id920,2020-0320 15:00:00,app_03
id920,2020-0320 15:00:00,app_04
id920,2020-0320 15:00:00,app_05
id921,2020-0320 15:00:00,app_01
id921,2020-0320 15:00:00,app_02
id921,2020-0320 15:00:00,app_03
id921,2020-0320 15:00:00,app_04
id922,2020-0320 15:00:00,app_01
id922,2020-0320 15:00:00,app_02
id923,2020-0320 15:00:00,app_01
id923,2020-0320 15:00:00,app_02
id923,2020-0320 15:00:00,app_03
id923,2020-0320 15:00:00,app_04
id923,2020-0320 15:00:00,app_05
id924,2020-0320 15:00:00,app_01
id925,2020-0320 15:00:00,app_01
id925,2020-0320 15:00:00,app_02
id926,2020-0320 15:00:00,app_01
id927,2020-0320 15:00:00,app_01
id927,2020-0320 15:00:00,app_02
id927,2020-0320 15:00:00,app_03
id927,2020-0320 15:00:00,app_04
id928,2020-0320 15:00:00,app_01
id928,2020-0320 15:00:00,app_02
id928,2020-0320 15:00:00,app_03
id929,2020-0320 15:00:00,app_01
id930,2020-0320 15:00:00,app_01
id930,2020-0320 15:00:00,app_02
id930,2020-0320 15:00:00,app_03
id930,2020-0320 15:00:00,app_04
id930,2020-0320 15:00:00,app_05
id931,2020-0320 15:00:00,app_01
id931,2020-0320 15:00:00,app_02
id932,2020-0320 15:00:00,app_01
id932,2020-0320 15:00:00,app_02
id932,2020-0320 15:00:00,app_03
id932,2020-0320 15:00:00,app_04
id932,2020-0320 15:00:00,app_05
id933,2020-0320 15:00:00,app_01
id933,2020-0320 15:00:00,app_02
id934,2020-0320 15:00:00,app_01
id934,2020-0320 15:00:00,app_02
id934,2020-0320 15:00:00,app_03
id934,2020-0320 15:00:00,app_04
id935,2020-0320 15:00:00,app_01
id936,2020-0320 15:00:00,app_01
id936,2020-0320 15:00:00,app_02
id936,2020-0320 15:00:00,app_03
id937,2020-0320 15:00:00,app_01
id937,2020-0320 15:00:00,app_02
id937,2020-0320 15:00:00,app_03
id937,2020-0320 15:00:00,app_04
id937,2020-0320 15:00:00,app_05
id938,2020-0320 15:00:00,app_01
id938,2020-0320 15:00:00,app_02
id938,2020-0320 15:00:00,app_03
id938,2020-0320 15:00:00,app_04
id938,2020-0320 15:00:00,app_05
id939,2020-0320 15:00:00,app_01
id939,2020-0320 15:00:00,app_02
id939,2020-0320 15:00:00,app_03
id939,2020-0320 15:00:00,app_04
id939,2020-0320 15:00:00,app_05
id940,2020-0320 15:00:00,app_01
id940,2020-0320 15:00:00,app_02
id940,2020-0320 15:00:00,app_03
id940,2020-0320 15:00:00,app_04
id941,2020-0320 15:00:00,app_01
id941,2020-0320 15:00:00,app_02
id942,2020-0320 15:00:00,app_01
id942,2020-0320 15:00:00,app_02
id943,2020-0320 15:00:00,app_01
id943,2020-0320 15:00:00,app_02
id943,2020-0320 15:00:00,app_03
id943,2020-0320 15:00:00,app_04
id943,2020-0320 15:00:00,app_05
id944,2020-0320 15:00:00,app_01
id944,2020-0320 15:00:00,app_02
id944,2020-0320 15:00:00,app_03
id945,2020-0320 15:00:00,app_01
id945,2020-0320 15:00:00,app_02
id945,2020-0320 15:00:00,app_03
id945,2020-0320 15:00:00,app_04
id946,2020-0320 15:00:00,app_01
id946,2020-0320 15:00:00,app_02
id946,2020-0320 15:00:00,app_03
id947,2020-0320 15:00:00,app_01
id948,2020-0320 15:00:00,app_01
id948,2020-0320 15:00:00,app_02
id948,2020-0320 15:00:00,app_03
id948,2020-0320 15:00:00,app_04
id948,2020-0320 15:00:00,app_05
id949,2020-0320 15:00:00,app_01
id949,2020-0320 15:00:00,app_02
id949,2020-0320 15:00:00,app_03
id949,2020-0320 15:00:00,app_04
id950,2020-0320 15:00:00,app_01
id950,2020-0320 15:00:00,app_02
id950,2020-0320 15:00:00,app_03
id951,2020-0320 15:00:00,app_01
id951,2020-0320 15:00:00,app_02
id951,2020-0320 15:00:00,app_03
id952,2020-0320 15:00:00,app_01
id952,2020-0320 15:00:00,app_02
id953,2020-0320 15:00:00,app_01
id953,2020-0320 15:00:00,app_02
id953,2020-0320 15:00:00,app_03
id953,2020-0320 15:00:00,app_04
id953,2020-0320 15:00:00,app_05
id954,2020-0320 15:00:00,app_01
id954,2020-0320 15:00:00,app_02
id955,2020-0320 15:00:00,app_01
id955,2020-0320 15:00:00,app_02
id955,2020-0320 15:00:00,app_03
id955,2020-0320 15:00:00,app_04
id956,2020-0320 15:00:00,app_01
id957,2020-0320 15:00:00,app_01
id957,2020-0320 15:00:00,app_02
id957,2020-0320 15:00:00,app_03
id957,2020-0320 15:00:00,app_04
id957,2020-0320 15:00:00,app_05
id958,2020-0320 15:00:00,app_01
id958,2020-0320 15:00:00,app_02
id958,2020-0320 15:00:00,app_03
id958,2020-0320 15:00:00,app_04
id959,2020-0320 15:00:00,app_01
id959,2020-0320 15:00:00,app_02
id959,2020-0320 15:00:00,app_03
id959,2020-0320 15:00:00,app_04
id959,2020-0320 15:00:00,app_05
id960,2020-0320 15:00:00,app_01
id960,2020-0320 15:00:00,app_02
id960,2020-0320 15:00:00,app_03
id960,2020-0320 15:00:00,app_04
id960,2020-0320 15:00:00,app_05
id961,2020-0320 15:00:00,app_01
id961,2020-0320 15:00:00,app_02
id961,2020-0320 15:00:00,app_03
id961,2020-0320 15:00:00,app_04
id961,2020-0320 15:00:00,app_05
id962,2020-0320 15:00:00,app_01
id963,2020-0320 15:00:00,app_01
id963,2020-0320 15:00:00,app_02
id963,2020-0320 15:00:00,app_03
id964,2020-0320 15:00:00,app_01
id965,2020-0320 15:00:00,app_01
id965,2020-0320 15:00:00,app_02
id965,2020-0320 15:00:00,app_03
id965,2020-0320 15:00:00,app_04
id965,2020-0320 15:00:00,app_05
id966,2020-0320 15:00:00,app_01
id966,2020-0320 15:00:00,app_02
id967,2020-0320 15:00:00,app_01
id967,2020-0320 15:00:00,app_02
id967,2020-0320 15:00:00,app_03
id967,2020-0320 15:00:00,app_04
id967,2020-0320 15:00:00,app_05
id968,2020-0320 15:00:00,app_01
id968,2020-0320 15:00:00,app_02
id968,2020-0320 15:00:00,app_03
id968,2020-0320 15:00:00,app_04
id969,2020-0320 15:00:00,app_01
id969,2020-0320 15:00:00,app_02
id969,2020-0320 15:00:00,app_03
id969,2020-0320 15:00:00,app_04
id970,2020-0320 15:00:00,app_01
id970,2020-0320 15:00:00,app_02
id970,2020-0320 15:00:00,app_03
id970,2020-0320 15:00:00,app_04
id970,2020-0320 15:00:00,app_05
id971,2020-0320 15:00:00,app_01
id971,2020-0320 15:00:00,app_02
id971,2020-0320 15:00:00,app_03
id971,2020-0320 15:00:00,app_04
id971,2020-0320 15:00:00,app_05
id972,2020-0320 15:00:00,app_01
id972,2020-0320 15:00:00,app_02
id972,2020-0320 15:00:00,app_03
id972,2020-0320 15:00:00,app_04
id973,2020-0320 15:00:00,app_01
id974,2020-0320 15:00:00,app_01
id974,2020-0320 15:00:00,app_02
id974,2020-0320 15:00:00,app_03
id974,2020-0320 15:00:00,app_04
id975,2020-0320 15:00:00,app_01
id975,2020-0320 15:00:00,app_02
id976,2020-0320 15:00:00,app_01
id976,2020-0320 15:00:00,app_02
id977,2020-0320 15:00:00,app_01
id977,2020-0320 15:00:00,app_02
id977,2020-0320 15:00:00,app_03
id977,2020-0320 15:00:00,app_04
id978,2020-0320 15:00:00,app_01
id978,2020-0320 15:00:00,app_02
id979,2020-0320 15:00:00,app_01
id979,2020-0320 15:00:00,app_02
id979,2020-0320 15:00:00,app_03
id979,2020-0320 15:00:00,app_04
id980,2020-0320 15:00:00,app_01
id980,2020-0320 15:00:00,app_02
id980,2020-0320 15:00:00,app_03
id980,2020-0320 15:00:00,app_04
id981,2020-0320 15:00:00,app_01
id981,2020-0320 15:00:00,app_02
id981,2020-0320 15:00:00,app_03
id981,2020-0320 15:00:00,app_04
id981,2020-0320 15:00:00,app_05
id982,2020-0320 15:00:00,app_01
id982,2020-0320 15:00:00,app_02
id983,2020-0320 15:00:00,app_01
id983,2020-0320 15:00:00,app_02
id983,2020-0320 15:00:00,app_03
id983,2020-0320 15:00:00,app_04
id983,2020-0320 15:00:00,app_05
id984,2020-0320 15:00:00,app_01
id985,2020-0320 15:00:00,app_01
id986,2020-0320 15:00:00,app_01
id986,2020-0320 15:00:00,app_02
id986,2020-0320 15:00:00,app_03
id986,2020-0320 15:00:00,app_04
id987,2020-0320 15:00:00,app_01
id987,2020-0320 15:00:00,app_02
id987,2020-0320 15:00:00,app_03
id988,2020-0320 15:00:00,app_01
id988,2020-0320 15:00:00,app_02
id988,2020-0320 15:00:00,app_03
id988,2020-0320 15:00:00,app_04
id988,2020-0320 15:00:00,app_05
id989,2020-0320 15:00:00,app_01
id989,2020-0320 15:00:00,app_02
id989,2020-0320 15:00:00,app_03
id990,2020-0320 15:00:00,app_01
id991,2020-0320 15:00:00,app_01
id991,2020-0320 15:00:00,app_02
id992,2020-0320 15:00:00,app_01
id992,2020-0320 15:00:00,app_02
id992,2020-0320 15:00:00,app_03
id992,2020-0320 15:00:00,app_04
id992,2020-0320 15:00:00,app_05
id993,2020-0320 15:00:00,app_01
id993,2020-0320 15:00:00,app_02
id993,2020-0320 15:00:00,app_03
id994,2020-0320 15:00:00,app_01
id994,2020-0320 15:00:00,app_02
id994,2020-0320 15:00:00,app_03
id994,2020-0320 15:00:00,app_04
id995,2020-0320 15:00:00,app_01
id995,2020-0320 15:00:00,app_02
id995,2020-0320 15:00:00,app_03
id995,2020-0320 15:00:00,app_04
id995,2020-0320 15:00:00,app_05
id996,2020-0320 15:00:00,app_01
id996,2020-0320 15:00:00,app_02
id996,2020-0320 15:00:00,app_03
id996,2020-0320 15:00:00,app_04
id996,2020-0320 15:00:00,app_05
id997,2020-0320 15:00:00,app_01
id997,2020-0320 15:00:00,app_02
id997,2020-0320 15:00:00,app_03
id997,2020-0320 15:00:00,app_04
id998,2020-0320 15:00:00,app_01
id999,2020-0320 15:00:00,app_01
id999,2020-0320 15:00:00,app_02
id999,2020-0320 15:00:00,app_03
id999,2020-0320 15:00:00,app_04
id1000,2020-0320 15:00:00,app_01
